Customer ID,Name,Age,Gender,Contact Number,Item Purchased,Category,Price per kg,Quantity Purchased,Total Price
CUST0001,Meera Verma,34,Male,+918913004207,Tomato,Vegetable,77.4,1,77.4
CUST0002,Deepa Gowda,59,Male,+918370573381,Spinach,Vegetable,126.48,1,126.48
CUST0003,Deepa Mishra,27,Male,+917678622924,Capsicum,Vegetable,25.12,3,75.36
CUST0004,Sneha Sharma,37,Male,+919926500849,Cauliflower,Vegetable,57.02,3,171.06
CUST0005,Neha Gowda,23,Male,+919054029588,Onion,Vegetable,79.05,4,316.2
CUST0006,Vikram Joshi,26,Male,+919711541201,Onion,Vegetable,33.66,2,67.32
CUST0007,Ravi Mishra,52,Female,+917772697125,Papaya,Fruit,109.17,3,327.51
CUST0008,Deepa Desai,48,Female,+918945974954,Tomato,Vegetable,89.15,2,178.3
CUST0009,Vikram Desai,70,Female,+917954824046,Capsicum,Vegetable,137.99,2,275.98
CUST0010,Sneha Gowda,43,Male,+919277425758,Watermelon,Fruit,51.38,5,256.9
CUST0011,Raj Sharma,60,Female,+918176445439,Cauliflower,Vegetable,28.27,2,56.54
CUST0012,Sunita Patil,18,Male,+918022026966,Cauliflower,Vegetable,27.06,5,135.3
CUST0013,Amit Sharma,60,Female,+919050821967,Mango,Fruit,44.99,3,134.97
CUST0014,Arjun Iyer,40,Female,+917665842118,Capsicum,Vegetable,93.57,5,467.85
CUST0015,Sunita Verma,25,Male,+918181535524,Watermelon,Fruit,129.23,2,258.46
CUST0016,Kumar Iyer,44,Female,+919846966220,Spinach,Vegetable,130.49,3,391.47
CUST0017,Arjun Sharma,66,Male,+919664773991,Grapes,Fruit,81.41,4,325.64
CUST0018,Meera Sharma,39,Male,+917702896745,Guava,Fruit,127.83,3,383.49
CUST0019,Arjun Mishra,61,Female,+917665744079,Grapes,Fruit,67.52,1,67.52
CUST0020,Vikram Gowda,43,Male,+918141566533,Tomato,Vegetable,54.42,3,163.26
CUST0021,Meera Sharma,30,Female,+917577191243,Mango,Fruit,99.25,5,496.25
CUST0022,Amit Desai,48,Male,+919057076773,Papaya,Fruit,83.88,3,251.64
CUST0023,Meera Sharma,51,Male,+917610767132,Cauliflower,Vegetable,140.11,5,700.55
CUST0024,Deepa Desai,63,Female,+918498910973,Pumpkin,Vegetable,68.33,5,341.65
CUST0025,Neha Sharma,50,Female,+917137506565,Cauliflower,Vegetable,101.21,3,303.63
CUST0026,Vikram Mishra,35,Male,+918748951731,Cauliflower,Vegetable,54.59,1,54.59
CUST0027,Suresh Naidu,49,Male,+917032731135,Pomegranate,Fruit,21.5,4,86.0
CUST0028,Deepa Naidu,44,Male,+919144419609,Guava,Fruit,23.19,5,115.95
CUST0029,Kumar Mishra,26,Female,+919545093874,Pomegranate,Fruit,42.68,2,85.36
CUST0030,Meera Gowda,18,Male,+917893475716,Cauliflower,Vegetable,41.74,2,83.48
CUST0031,Meera Gowda,68,Female,+918660566686,Brinjal,Vegetable,38.77,4,155.08
CUST0032,Sneha Mishra,49,Male,+919177190504,Apple,Fruit,50.81,5,254.05
CUST0033,Priya Patil,45,Female,+918227061473,Guava,Fruit,89.14,4,356.56
CUST0034,Ravi Gowda,66,Female,+917873786112,Tomato,Vegetable,60.89,1,60.89
CUST0035,Kiran Joshi,36,Female,+917395124182,Tomato,Vegetable,105.31,2,210.62
CUST0036,Meera Naidu,42,Male,+918246267273,Capsicum,Vegetable,104.93,2,209.86
CUST0037,Ravi Verma,62,Female,+919313039945,Carrot,Vegetable,77.7,2,155.4
CUST0038,Raj Naidu,26,Male,+917081907379,Apple,Fruit,141.76,2,283.52
CUST0039,Priya Verma,26,Female,+918037729834,Spinach,Vegetable,81.82,4,327.28
CUST0040,Meera Sharma,39,Male,+919830535327,Watermelon,Fruit,104.53,1,104.53
CUST0041,Arjun Gowda,57,Male,+919786124483,Pomegranate,Fruit,140.9,3,422.7
CUST0042,Deepa Desai,55,Female,+917684149331,Pineapple,Fruit,107.23,1,107.23
CUST0043,Anil Iyer,66,Male,+918694776714,Banana,Fruit,136.65,2,273.3
CUST0044,Arjun Sharma,57,Female,+919673274793,Potato,Vegetable,86.19,3,258.57
CUST0045,Kiran Joshi,69,Male,+919523642037,Brinjal,Vegetable,145.26,5,726.3
CUST0046,Ravi Naidu,51,Female,+919047477950,Mango,Fruit,112.98,2,225.96
CUST0047,Kiran Mishra,53,Male,+918952109235,Apple,Fruit,104.76,4,419.04
CUST0048,Arjun Verma,57,Female,+918853584140,Spinach,Vegetable,89.45,3,268.35
CUST0049,Sunita Mishra,56,Male,+919257766581,Brinjal,Vegetable,45.63,5,228.15
CUST0050,Meera Verma,68,Female,+918822547068,Guava,Fruit,147.85,5,739.25
CUST0051,Neha Desai,26,Male,+918902151767,Cabbage,Vegetable,72.33,5,361.65
CUST0052,Vikram Desai,46,Male,+918662861648,Spinach,Vegetable,87.17,4,348.68
CUST0053,Sneha Joshi,38,Female,+919674953421,Brinjal,Vegetable,80.69,2,161.38
CUST0054,Raj Desai,29,Female,+918335404532,Brinjal,Vegetable,22.89,2,45.78
CUST0055,Priya Naidu,22,Female,+918734409945,Pineapple,Fruit,126.64,3,379.92
CUST0056,Neha Gowda,52,Female,+917220936962,Spinach,Vegetable,22.9,1,22.9
CUST0057,Ravi Desai,36,Female,+918971898131,Grapes,Fruit,57.23,3,171.69
CUST0058,Neha Naidu,32,Male,+919033320244,Potato,Vegetable,41.24,1,41.24
CUST0059,Ravi Gowda,29,Male,+917775493838,Spinach,Vegetable,43.55,5,217.75
CUST0060,Meera Sharma,63,Male,+919647482125,Spinach,Vegetable,54.23,1,54.23
CUST0061,Arjun Patil,21,Male,+917342501443,Capsicum,Vegetable,142.84,1,142.84
CUST0062,Amit Joshi,37,Female,+919459291034,Mango,Fruit,81.49,2,162.98
CUST0063,Ravi Mishra,65,Male,+919371545671,Mango,Fruit,75.26,1,75.26
CUST0064,Deepa Joshi,31,Male,+917727624416,Carrot,Vegetable,97.06,1,97.06
CUST0065,Amit Gowda,70,Male,+917242974733,Banana,Fruit,33.09,4,132.36
CUST0066,Sneha Joshi,27,Male,+919458078028,Capsicum,Vegetable,65.06,1,65.06
CUST0067,Amit Gowda,67,Female,+919486966566,Brinjal,Vegetable,66.81,4,267.24
CUST0068,Arjun Gowda,58,Female,+919178629011,Guava,Fruit,24.56,2,49.12
CUST0069,Kumar Joshi,51,Female,+917945931896,Guava,Fruit,78.94,1,78.94
CUST0070,Suresh Naidu,26,Male,+919484594282,Cabbage,Vegetable,85.84,3,257.52
CUST0071,Neha Iyer,62,Female,+917137176327,Cabbage,Vegetable,127.16,3,381.48
CUST0072,Arjun Joshi,64,Male,+919913198036,Spinach,Vegetable,47.19,2,94.38
CUST0073,Neha Sharma,54,Female,+918270098146,Tomato,Vegetable,145.59,1,145.59
CUST0074,Arjun Mishra,52,Male,+918452071011,Apple,Fruit,149.36,3,448.08
CUST0075,Kumar Mishra,47,Male,+919633368500,Pumpkin,Vegetable,144.47,1,144.47
CUST0076,Priya Sharma,29,Male,+919585290945,Potato,Vegetable,117.09,3,351.27
CUST0077,Priya Desai,41,Male,+918230830315,Potato,Vegetable,26.63,3,79.89
CUST0078,Kumar Joshi,61,Female,+919599491731,Capsicum,Vegetable,81.12,4,324.48
CUST0079,Amit Mishra,66,Male,+918267287082,Cabbage,Vegetable,55.79,5,278.95
CUST0080,Meera Mishra,27,Female,+918566085666,Cauliflower,Vegetable,111.72,3,335.16
CUST0081,Priya Mishra,67,Male,+918622664084,Potato,Vegetable,100.74,2,201.48
CUST0082,Kumar Verma,43,Male,+919675371983,Cabbage,Vegetable,149.0,4,596.0
CUST0083,Arjun Patil,32,Female,+917094902815,Carrot,Vegetable,41.62,5,208.1
CUST0084,Sneha Mishra,47,Female,+918039383529,Pumpkin,Vegetable,61.5,3,184.5
CUST0085,Raj Naidu,42,Male,+918363406667,Papaya,Fruit,83.7,4,334.8
CUST0086,Sunita Verma,25,Female,+917029740330,Spinach,Vegetable,85.22,1,85.22
CUST0087,Meera Desai,24,Male,+917322951893,Pineapple,Fruit,80.5,2,161.0
CUST0088,Raj Patil,61,Male,+918614847915,Pineapple,Fruit,114.93,5,574.65
CUST0089,Raj Patil,55,Male,+918718865455,Pumpkin,Vegetable,36.01,3,108.03
CUST0090,Meera Naidu,18,Male,+919930596796,Capsicum,Vegetable,93.87,1,93.87
CUST0091,Sunita Sharma,38,Female,+917555079641,Grapes,Fruit,54.71,3,164.13
CUST0092,Kumar Iyer,66,Male,+918791797759,Potato,Vegetable,27.37,2,54.74
CUST0093,Ravi Naidu,44,Male,+918678038427,Potato,Vegetable,129.47,4,517.88
CUST0094,Deepa Reddy,54,Female,+919413110317,Cabbage,Vegetable,38.1,4,152.4
CUST0095,Deepa Desai,55,Male,+919791730343,Banana,Fruit,127.56,2,255.12
CUST0096,Deepa Sharma,24,Male,+918147291561,Capsicum,Vegetable,43.7,5,218.5
CUST0097,Ravi Patil,50,Female,+918985819434,Orange,Fruit,130.87,5,654.35
CUST0098,Priya Mishra,18,Female,+917869283519,Pumpkin,Vegetable,49.74,5,248.7
CUST0099,Priya Reddy,37,Female,+919704208012,Tomato,Vegetable,21.97,1,21.97
CUST0100,Neha Joshi,65,Male,+917310101754,Watermelon,Fruit,124.79,5,623.95
CUST0101,Anil Verma,70,Female,+918526079123,Cauliflower,Vegetable,92.26,4,369.04
CUST0102,Vikram Gowda,69,Male,+919138977249,Pumpkin,Vegetable,43.53,5,217.65
CUST0103,Kiran Verma,28,Female,+917518077056,Tomato,Vegetable,56.24,1,56.24
CUST0104,Raj Gowda,40,Male,+918697887553,Guava,Fruit,27.41,1,27.41
CUST0105,Sneha Mishra,28,Female,+918065584597,Potato,Vegetable,27.59,2,55.18
CUST0106,Arjun Mishra,49,Female,+918283710601,Grapes,Fruit,135.15,5,675.75
CUST0107,Vikram Naidu,61,Male,+918876727390,Brinjal,Vegetable,79.25,5,396.25
CUST0108,Raj Iyer,27,Male,+917041157592,Onion,Vegetable,127.38,5,636.9
CUST0109,Vikram Mishra,64,Male,+917375355072,Potato,Vegetable,103.03,2,206.06
CUST0110,Amit Reddy,18,Female,+919591237491,Orange,Fruit,129.63,3,388.89
CUST0111,Kiran Verma,18,Male,+918860005045,Carrot,Vegetable,42.24,2,84.48
CUST0112,Arjun Desai,45,Female,+918018478462,Banana,Fruit,27.72,1,27.72
CUST0113,Priya Naidu,39,Female,+917790725842,Spinach,Vegetable,90.67,1,90.67
CUST0114,Meera Iyer,37,Female,+917406317701,Apple,Fruit,111.31,1,111.31
CUST0115,Neha Sharma,52,Female,+918842571861,Tomato,Vegetable,89.77,4,359.08
CUST0116,Sunita Patil,55,Male,+918071354993,Spinach,Vegetable,53.13,2,106.26
CUST0117,Meera Desai,35,Male,+918655805467,Cauliflower,Vegetable,59.3,5,296.5
CUST0118,Sunita Sharma,50,Male,+919029430983,Apple,Fruit,35.58,4,142.32
CUST0119,Sunita Joshi,67,Female,+917841937392,Papaya,Fruit,129.54,4,518.16
CUST0120,Ravi Gowda,37,Male,+919170457945,Potato,Vegetable,116.73,5,583.65
CUST0121,Kumar Verma,22,Male,+918610395463,Pineapple,Fruit,143.58,3,430.74
CUST0122,Sneha Sharma,42,Male,+918247856910,Cabbage,Vegetable,29.16,2,58.32
CUST0123,Arjun Naidu,23,Male,+919492103685,Brinjal,Vegetable,106.26,2,212.52
CUST0124,Ravi Verma,39,Male,+919288993555,Brinjal,Vegetable,41.9,3,125.7
CUST0125,Vikram Reddy,48,Male,+918302684539,Apple,Fruit,84.66,3,253.98
CUST0126,Neha Mishra,23,Female,+918400535577,Orange,Fruit,120.09,1,120.09
CUST0127,Deepa Sharma,32,Male,+917578446131,Spinach,Vegetable,136.8,2,273.6
CUST0128,Vikram Desai,56,Female,+919294943214,Grapes,Fruit,101.27,4,405.08
CUST0129,Deepa Gowda,40,Male,+917580223208,Onion,Vegetable,97.5,5,487.5
CUST0130,Anil Reddy,61,Female,+918985193138,Papaya,Fruit,62.37,1,62.37
CUST0131,Suresh Joshi,37,Female,+918423752233,Banana,Fruit,102.5,3,307.5
CUST0132,Sneha Reddy,38,Female,+919675495239,Apple,Fruit,40.06,1,40.06
CUST0133,Neha Desai,50,Female,+917980503479,Carrot,Vegetable,40.3,1,40.3
CUST0134,Anil Iyer,36,Female,+918343295210,Carrot,Vegetable,58.73,5,293.65
CUST0135,Amit Patil,25,Female,+917334076357,Cabbage,Vegetable,47.28,1,47.28
CUST0136,Arjun Joshi,27,Male,+918921716646,Orange,Fruit,25.42,4,101.68
CUST0137,Suresh Joshi,42,Female,+919880203412,Mango,Fruit,73.95,5,369.75
CUST0138,Vikram Reddy,56,Female,+918828039785,Onion,Vegetable,28.76,1,28.76
CUST0139,Amit Naidu,42,Female,+918832931464,Watermelon,Fruit,90.19,1,90.19
CUST0140,Raj Sharma,21,Male,+919615651059,Spinach,Vegetable,132.6,4,530.4
CUST0141,Vikram Desai,31,Female,+917684711859,Tomato,Vegetable,115.96,3,347.88
CUST0142,Deepa Sharma,36,Female,+917876478113,Potato,Vegetable,137.49,3,412.47
CUST0143,Raj Naidu,24,Male,+919518899635,Cauliflower,Vegetable,102.96,4,411.84
CUST0144,Ravi Verma,44,Male,+918570799253,Onion,Vegetable,73.74,2,147.48
CUST0145,Arjun Gowda,43,Male,+917705679547,Carrot,Vegetable,81.33,3,243.99
CUST0146,Anil Naidu,28,Male,+917316203087,Tomato,Vegetable,140.72,4,562.88
CUST0147,Amit Mishra,35,Female,+918262861092,Papaya,Fruit,106.98,5,534.9
CUST0148,Amit Reddy,51,Male,+917243456912,Potato,Vegetable,88.12,1,88.12
CUST0149,Sneha Patil,37,Female,+917219963375,Banana,Fruit,39.27,2,78.54
CUST0150,Sunita Desai,19,Female,+917891395178,Banana,Fruit,112.35,2,224.7
CUST0151,Kiran Sharma,68,Female,+919674637706,Guava,Fruit,76.56,2,153.12
CUST0152,Kumar Sharma,69,Male,+917675542667,Brinjal,Vegetable,64.44,2,128.88
CUST0153,Arjun Reddy,23,Female,+917842484374,Spinach,Vegetable,89.74,2,179.48
CUST0154,Priya Mishra,42,Male,+917039708607,Guava,Fruit,86.73,3,260.19
CUST0155,Kumar Sharma,57,Female,+919790545420,Onion,Vegetable,116.62,1,116.62
CUST0156,Meera Desai,22,Male,+917818474020,Tomato,Vegetable,87.35,2,174.7
CUST0157,Deepa Mishra,22,Female,+918690425364,Capsicum,Vegetable,70.8,2,141.6
CUST0158,Sunita Desai,70,Male,+917898567145,Capsicum,Vegetable,87.01,5,435.05
CUST0159,Sunita Gowda,62,Male,+917100197313,Onion,Vegetable,105.66,4,422.64
CUST0160,Vikram Gowda,45,Male,+917892777619,Pineapple,Fruit,134.5,1,134.5
CUST0161,Kiran Sharma,52,Male,+919934838286,Tomato,Vegetable,86.59,1,86.59
CUST0162,Kiran Joshi,39,Female,+919501467214,Carrot,Vegetable,78.82,5,394.1
CUST0163,Anil Gowda,46,Female,+919627757244,Carrot,Vegetable,36.55,4,146.2
CUST0164,Sneha Sharma,24,Male,+917566480782,Tomato,Vegetable,79.08,4,316.32
CUST0165,Vikram Joshi,36,Male,+919724649892,Grapes,Fruit,39.19,5,195.95
CUST0166,Anil Naidu,58,Male,+919887067697,Banana,Fruit,100.66,1,100.66
CUST0167,Neha Desai,69,Male,+919392295285,Tomato,Vegetable,73.2,5,366.0
CUST0168,Meera Verma,34,Male,+917559569761,Pomegranate,Fruit,87.66,4,350.64
CUST0169,Vikram Sharma,54,Male,+919910406555,Watermelon,Fruit,51.28,2,102.56
CUST0170,Arjun Iyer,50,Female,+917390981337,Pineapple,Fruit,134.78,4,539.12
CUST0171,Sneha Verma,35,Male,+919717346579,Mango,Fruit,67.7,3,203.1
CUST0172,Suresh Patil,69,Female,+917867195045,Brinjal,Vegetable,26.26,4,105.04
CUST0173,Meera Iyer,62,Male,+917443558055,Apple,Fruit,84.72,2,169.44
CUST0174,Deepa Sharma,44,Female,+917166996691,Spinach,Vegetable,57.35,1,57.35
CUST0175,Sneha Reddy,60,Male,+918297463308,Mango,Fruit,80.59,1,80.59
CUST0176,Priya Gowda,48,Female,+919324747012,Pomegranate,Fruit,33.07,5,165.35
CUST0177,Kumar Joshi,45,Male,+917945687628,Cauliflower,Vegetable,49.93,5,249.65
CUST0178,Ravi Desai,34,Male,+919772367359,Mango,Fruit,138.99,1,138.99
CUST0179,Sneha Joshi,55,Male,+917811863062,Capsicum,Vegetable,142.56,4,570.24
CUST0180,Anil Mishra,24,Male,+917559377499,Pineapple,Fruit,142.76,5,713.8
CUST0181,Amit Verma,56,Male,+919992226838,Cabbage,Vegetable,46.35,4,185.4
CUST0182,Sneha Sharma,36,Male,+919580249025,Carrot,Vegetable,100.44,5,502.2
CUST0183,Vikram Joshi,42,Male,+917561394779,Cabbage,Vegetable,44.06,5,220.3
CUST0184,Meera Joshi,30,Female,+917522355218,Spinach,Vegetable,77.76,3,233.28
CUST0185,Kumar Desai,47,Male,+917574664935,Capsicum,Vegetable,130.97,1,130.97
CUST0186,Kumar Naidu,61,Female,+918393981206,Orange,Fruit,59.94,3,179.82
CUST0187,Meera Mishra,36,Male,+917243072540,Pineapple,Fruit,94.05,4,376.2
CUST0188,Neha Gowda,45,Female,+918671477519,Brinjal,Vegetable,73.27,1,73.27
CUST0189,Ravi Verma,65,Male,+918717394924,Potato,Vegetable,46.83,3,140.49
CUST0190,Sunita Desai,18,Female,+919488132587,Guava,Fruit,139.33,3,417.99
CUST0191,Meera Mishra,60,Male,+917699135597,Banana,Fruit,71.16,2,142.32
CUST0192,Neha Iyer,18,Female,+918336243776,Carrot,Vegetable,45.69,5,228.45
CUST0193,Amit Gowda,34,Female,+918642636588,Pomegranate,Fruit,28.37,2,56.74
CUST0194,Meera Naidu,18,Male,+918718465621,Watermelon,Fruit,21.24,3,63.72
CUST0195,Arjun Joshi,56,Female,+918272037755,Watermelon,Fruit,113.99,4,455.96
CUST0196,Amit Sharma,47,Female,+919940821722,Pomegranate,Fruit,98.43,5,492.15
CUST0197,Arjun Joshi,39,Male,+918465537405,Apple,Fruit,78.01,5,390.05
CUST0198,Anil Gowda,58,Female,+918747156712,Guava,Fruit,145.44,4,581.76
CUST0199,Sneha Mishra,64,Male,+919979435452,Cabbage,Vegetable,35.2,2,70.4
CUST0200,Ravi Naidu,55,Male,+918230431486,Apple,Fruit,85.1,3,255.3
CUST0201,Sneha Gowda,67,Male,+917187356961,Papaya,Fruit,142.59,5,712.95
CUST0202,Sunita Verma,56,Female,+917032725547,Papaya,Fruit,28.05,4,112.2
CUST0203,Arjun Sharma,58,Male,+917702472962,Grapes,Fruit,148.66,5,743.3
CUST0204,Priya Patil,28,Female,+919239701988,Cabbage,Vegetable,115.61,4,462.44
CUST0205,Vikram Verma,34,Male,+917994539758,Spinach,Vegetable,129.56,5,647.8
CUST0206,Neha Naidu,60,Female,+918553848587,Watermelon,Fruit,108.97,4,435.88
CUST0207,Vikram Gowda,56,Female,+919994744389,Pumpkin,Vegetable,39.48,5,197.4
CUST0208,Kumar Naidu,59,Female,+918128666790,Guava,Fruit,87.55,3,262.65
CUST0209,Neha Gowda,34,Female,+919689756284,Tomato,Vegetable,40.77,5,203.85
CUST0210,Arjun Mishra,24,Female,+917685021728,Pomegranate,Fruit,85.62,3,256.86
CUST0211,Meera Desai,54,Male,+917896907186,Pineapple,Fruit,93.05,2,186.1
CUST0212,Neha Iyer,44,Male,+919862932177,Carrot,Vegetable,63.16,2,126.32
CUST0213,Vikram Reddy,33,Male,+917277701191,Watermelon,Fruit,29.1,1,29.1
CUST0214,Arjun Sharma,45,Female,+919498097879,Orange,Fruit,21.46,2,42.92
CUST0215,Neha Naidu,69,Male,+919948196944,Cauliflower,Vegetable,121.4,3,364.2
CUST0216,Kumar Joshi,68,Female,+917148931762,Mango,Fruit,114.96,2,229.92
CUST0217,Raj Verma,33,Female,+919631768804,Onion,Vegetable,141.64,4,566.56
CUST0218,Priya Reddy,21,Male,+918846846595,Guava,Fruit,79.19,2,158.38
CUST0219,Amit Sharma,22,Female,+917386904668,Capsicum,Vegetable,42.14,3,126.42
CUST0220,Priya Iyer,54,Female,+917783500069,Papaya,Fruit,63.1,2,126.2
CUST0221,Kumar Iyer,36,Male,+917245295733,Onion,Vegetable,102.32,4,409.28
CUST0222,Anil Verma,20,Male,+918145952347,Pumpkin,Vegetable,84.7,3,254.1
CUST0223,Neha Iyer,41,Female,+917595404307,Cauliflower,Vegetable,129.81,3,389.43
CUST0224,Sneha Gowda,50,Male,+917068601761,Potato,Vegetable,90.02,3,270.06
CUST0225,Anil Desai,51,Male,+918651228301,Mango,Fruit,107.6,2,215.2
CUST0226,Deepa Gowda,64,Female,+919796914108,Carrot,Vegetable,141.48,2,282.96
CUST0227,Kiran Verma,19,Male,+917604355223,Carrot,Vegetable,54.12,1,54.12
CUST0228,Sneha Desai,39,Male,+917861550419,Apple,Fruit,139.83,5,699.15
CUST0229,Kumar Sharma,45,Female,+919302063048,Mango,Fruit,121.51,4,486.04
CUST0230,Neha Desai,34,Male,+919243607909,Capsicum,Vegetable,45.91,3,137.73
CUST0231,Anil Desai,42,Female,+918727647158,Banana,Fruit,54.03,1,54.03
CUST0232,Neha Patil,59,Female,+917793238240,Capsicum,Vegetable,58.48,1,58.48
CUST0233,Priya Iyer,30,Male,+917775445741,Carrot,Vegetable,121.6,3,364.8
CUST0234,Priya Naidu,55,Female,+917304322235,Pumpkin,Vegetable,38.56,5,192.8
CUST0235,Sneha Mishra,61,Male,+918669113180,Papaya,Fruit,142.77,1,142.77
CUST0236,Priya Patil,27,Female,+918616486700,Banana,Fruit,62.92,4,251.68
CUST0237,Priya Mishra,44,Male,+917381765912,Cauliflower,Vegetable,78.69,2,157.38
CUST0238,Suresh Patil,41,Female,+917716123791,Pineapple,Fruit,127.56,5,637.8
CUST0239,Arjun Gowda,64,Female,+918986300091,Spinach,Vegetable,126.19,4,504.76
CUST0240,Priya Mishra,70,Male,+918796374805,Cauliflower,Vegetable,107.94,5,539.7
CUST0241,Meera Sharma,22,Male,+917476994199,Cauliflower,Vegetable,44.23,2,88.46
CUST0242,Sunita Iyer,70,Female,+919442424121,Pineapple,Fruit,53.99,3,161.97
CUST0243,Raj Sharma,37,Male,+917802280163,Mango,Fruit,91.53,3,274.59
CUST0244,Suresh Gowda,31,Male,+918211437103,Capsicum,Vegetable,128.03,5,640.15
CUST0245,Neha Mishra,25,Male,+919432167814,Banana,Fruit,22.53,4,90.12
CUST0246,Sneha Verma,43,Female,+918010907625,Mango,Fruit,73.99,5,369.95
CUST0247,Deepa Reddy,66,Female,+918502339751,Orange,Fruit,49.47,1,49.47
CUST0248,Vikram Gowda,63,Female,+918635328587,Mango,Fruit,31.25,4,125.0
CUST0249,Neha Joshi,28,Male,+917438887804,Carrot,Vegetable,68.75,4,275.0
CUST0250,Deepa Naidu,32,Male,+919420579833,Mango,Fruit,137.41,1,137.41
CUST0251,Anil Reddy,38,Female,+918802583069,Capsicum,Vegetable,113.37,4,453.48
CUST0252,Deepa Desai,61,Male,+917937783412,Cabbage,Vegetable,26.06,4,104.24
CUST0253,Raj Desai,23,Male,+917561322351,Orange,Fruit,143.73,2,287.46
CUST0254,Kiran Verma,27,Male,+917024382859,Banana,Fruit,136.84,2,273.68
CUST0255,Neha Patil,67,Male,+917470954248,Banana,Fruit,48.42,1,48.42
CUST0256,Deepa Desai,67,Male,+918487386047,Apple,Fruit,90.16,3,270.48
CUST0257,Kiran Joshi,69,Male,+917876999976,Apple,Fruit,132.53,3,397.59
CUST0258,Vikram Desai,56,Male,+917167123539,Banana,Fruit,115.47,4,461.88
CUST0259,Sunita Mishra,51,Male,+918453611342,Cauliflower,Vegetable,130.87,3,392.61
CUST0260,Amit Naidu,70,Female,+917155879465,Apple,Fruit,147.81,5,739.05
CUST0261,Neha Iyer,25,Male,+918291715827,Spinach,Vegetable,44.4,4,177.6
CUST0262,Ravi Naidu,34,Male,+918901702924,Tomato,Vegetable,108.92,4,435.68
CUST0263,Deepa Sharma,32,Female,+919750206981,Carrot,Vegetable,81.86,5,409.3
CUST0264,Vikram Reddy,35,Male,+917998592863,Banana,Fruit,49.4,1,49.4
CUST0265,Vikram Iyer,26,Male,+919914226491,Capsicum,Vegetable,133.42,3,400.26
CUST0266,Amit Joshi,22,Female,+919651587983,Mango,Fruit,35.22,5,176.1
CUST0267,Sunita Iyer,22,Male,+917998098298,Spinach,Vegetable,89.65,4,358.6
CUST0268,Deepa Desai,65,Female,+919010957978,Tomato,Vegetable,85.75,2,171.5
CUST0269,Suresh Reddy,58,Female,+917587586143,Capsicum,Vegetable,68.5,1,68.5
CUST0270,Arjun Gowda,18,Female,+917000760382,Cabbage,Vegetable,119.12,5,595.6
CUST0271,Deepa Sharma,24,Male,+917052663659,Carrot,Vegetable,107.92,4,431.68
CUST0272,Sneha Mishra,56,Male,+917378965404,Potato,Vegetable,53.98,3,161.94
CUST0273,Meera Verma,28,Male,+918015555734,Grapes,Fruit,129.16,2,258.32
CUST0274,Neha Patil,40,Male,+919746170758,Onion,Vegetable,104.8,5,524.0
CUST0275,Sneha Reddy,49,Male,+918126796159,Spinach,Vegetable,68.17,3,204.51
CUST0276,Amit Naidu,37,Male,+917962361542,Grapes,Fruit,42.74,4,170.96
CUST0277,Priya Mishra,35,Male,+919137444855,Mango,Fruit,61.34,2,122.68
CUST0278,Meera Iyer,42,Male,+917479707661,Banana,Fruit,120.6,3,361.8
CUST0279,Ravi Reddy,43,Female,+919556182442,Onion,Vegetable,148.08,2,296.16
CUST0280,Deepa Naidu,68,Male,+918583890867,Banana,Fruit,36.0,3,108.0
CUST0281,Meera Joshi,33,Male,+919914914575,Mango,Fruit,96.45,3,289.35
CUST0282,Ravi Naidu,43,Female,+917879023366,Tomato,Vegetable,128.74,4,514.96
CUST0283,Suresh Desai,39,Male,+918595100849,Brinjal,Vegetable,134.21,3,402.63
CUST0284,Meera Reddy,44,Female,+918407731134,Carrot,Vegetable,82.95,5,414.75
CUST0285,Kiran Verma,51,Male,+919945263698,Pineapple,Fruit,127.15,1,127.15
CUST0286,Kumar Patil,23,Male,+917742147957,Carrot,Vegetable,131.52,4,526.08
CUST0287,Kiran Sharma,41,Female,+919345754778,Capsicum,Vegetable,30.26,1,30.26
CUST0288,Anil Joshi,26,Male,+917144515308,Pumpkin,Vegetable,42.13,5,210.65
CUST0289,Kumar Gowda,55,Male,+918038463269,Papaya,Fruit,114.57,1,114.57
CUST0290,Sunita Patil,45,Male,+918412834949,Onion,Vegetable,107.84,5,539.2
CUST0291,Anil Verma,29,Female,+919443072912,Onion,Vegetable,129.17,1,129.17
CUST0292,Deepa Naidu,38,Male,+917127533774,Mango,Fruit,33.6,4,134.4
CUST0293,Raj Desai,35,Female,+917302591704,Grapes,Fruit,21.32,2,42.64
CUST0294,Deepa Naidu,35,Female,+919621824654,Cabbage,Vegetable,91.02,2,182.04
CUST0295,Priya Verma,54,Male,+917758729626,Pumpkin,Vegetable,59.09,2,118.18
CUST0296,Meera Joshi,66,Male,+917370528159,Brinjal,Vegetable,54.65,5,273.25
CUST0297,Meera Desai,45,Female,+917224814285,Brinjal,Vegetable,88.23,1,88.23
CUST0298,Raj Joshi,65,Male,+918723430311,Brinjal,Vegetable,141.7,4,566.8
CUST0299,Raj Reddy,63,Male,+919440206078,Apple,Fruit,34.14,2,68.28
CUST0300,Amit Iyer,67,Female,+919494057517,Orange,Fruit,111.45,1,111.45
CUST0301,Deepa Patil,57,Female,+917409403109,Pomegranate,Fruit,21.25,2,42.5
CUST0302,Anil Desai,28,Female,+917997188509,Pumpkin,Vegetable,54.71,4,218.84
CUST0303,Sunita Verma,30,Female,+917968319013,Orange,Fruit,85.53,3,256.59
CUST0304,Meera Desai,46,Male,+918970132833,Grapes,Fruit,119.59,2,239.18
CUST0305,Suresh Iyer,23,Male,+919508546270,Pineapple,Fruit,49.04,4,196.16
CUST0306,Arjun Naidu,53,Female,+917203438247,Potato,Vegetable,30.8,2,61.6
CUST0307,Amit Iyer,67,Female,+919998909048,Tomato,Vegetable,110.74,5,553.7
CUST0308,Amit Naidu,33,Male,+919698432387,Potato,Vegetable,109.44,5,547.2
CUST0309,Sunita Mishra,22,Male,+917157664830,Pomegranate,Fruit,117.0,3,351.0
CUST0310,Raj Iyer,45,Male,+918186630451,Carrot,Vegetable,99.4,3,298.2
CUST0311,Kiran Iyer,40,Male,+919826622593,Banana,Fruit,138.5,3,415.5
CUST0312,Neha Naidu,55,Female,+918202361767,Mango,Fruit,114.97,3,344.91
CUST0313,Priya Desai,68,Female,+918884275317,Guava,Fruit,23.6,5,118.0
CUST0314,Raj Desai,67,Female,+917950557890,Potato,Vegetable,86.54,3,259.62
CUST0315,Kiran Mishra,62,Female,+919897093869,Cabbage,Vegetable,101.87,3,305.61
CUST0316,Kiran Iyer,47,Male,+918652543657,Carrot,Vegetable,82.36,3,247.08
CUST0317,Vikram Mishra,31,Female,+917862266173,Pumpkin,Vegetable,83.15,3,249.45
CUST0318,Meera Gowda,64,Female,+919596427288,Pomegranate,Fruit,47.45,4,189.8
CUST0319,Kumar Sharma,59,Male,+919186742253,Pomegranate,Fruit,113.25,4,453.0
CUST0320,Sneha Naidu,60,Male,+918496827018,Brinjal,Vegetable,25.41,2,50.82
CUST0321,Meera Reddy,28,Female,+917369439386,Tomato,Vegetable,48.22,3,144.66
CUST0322,Meera Verma,22,Female,+917909639710,Banana,Fruit,128.86,4,515.44
CUST0323,Vikram Reddy,64,Male,+918568531711,Papaya,Fruit,137.82,5,689.1
CUST0324,Raj Patil,31,Female,+917712951826,Guava,Fruit,119.65,4,478.6
CUST0325,Amit Sharma,20,Female,+917915700943,Pineapple,Fruit,70.22,3,210.66
CUST0326,Kiran Sharma,33,Female,+917635486936,Banana,Fruit,104.54,5,522.7
CUST0327,Priya Iyer,64,Female,+918670761670,Spinach,Vegetable,83.22,4,332.88
CUST0328,Anil Iyer,67,Male,+918409277768,Pomegranate,Fruit,141.29,5,706.45
CUST0329,Sneha Joshi,29,Male,+919760525246,Cauliflower,Vegetable,30.35,1,30.35
CUST0330,Arjun Mishra,19,Male,+918656988780,Brinjal,Vegetable,128.13,4,512.52
CUST0331,Suresh Gowda,35,Male,+919660090567,Cauliflower,Vegetable,89.49,5,447.45
CUST0332,Kumar Desai,25,Male,+918678209310,Pomegranate,Fruit,135.77,1,135.77
CUST0333,Arjun Desai,58,Male,+919369731210,Guava,Fruit,88.3,1,88.3
CUST0334,Priya Verma,32,Female,+917312506744,Tomato,Vegetable,127.03,2,254.06
CUST0335,Anil Naidu,37,Male,+917144996336,Papaya,Fruit,59.68,2,119.36
CUST0336,Kumar Patil,40,Male,+919989586216,Orange,Fruit,60.77,1,60.77
CUST0337,Suresh Iyer,33,Female,+917682611111,Guava,Fruit,85.78,3,257.34
CUST0338,Meera Desai,23,Female,+917460506429,Carrot,Vegetable,113.96,3,341.88
CUST0339,Ravi Reddy,52,Female,+918037350450,Apple,Fruit,129.65,2,259.3
CUST0340,Vikram Sharma,27,Female,+917922979132,Cauliflower,Vegetable,62.57,1,62.57
CUST0341,Sunita Gowda,31,Male,+918611200196,Mango,Fruit,128.35,3,385.05
CUST0342,Suresh Desai,34,Male,+918923537375,Apple,Fruit,117.04,5,585.2
CUST0343,Arjun Iyer,48,Female,+917105022541,Apple,Fruit,108.01,3,324.03
CUST0344,Sunita Mishra,53,Female,+919470114301,Capsicum,Vegetable,80.84,5,404.2
CUST0345,Priya Joshi,50,Male,+919191662270,Banana,Fruit,98.18,3,294.54
CUST0346,Amit Iyer,49,Female,+919816190219,Pomegranate,Fruit,92.08,5,460.4
CUST0347,Kumar Joshi,65,Male,+919200635203,Tomato,Vegetable,93.21,5,466.05
CUST0348,Amit Iyer,19,Female,+918810883950,Tomato,Vegetable,40.98,4,163.92
CUST0349,Raj Verma,22,Female,+919714892709,Guava,Fruit,148.75,1,148.75
CUST0350,Suresh Desai,49,Male,+918817193856,Banana,Fruit,105.93,3,317.79
CUST0351,Kiran Gowda,32,Male,+919240065158,Carrot,Vegetable,25.52,4,102.08
CUST0352,Vikram Desai,48,Male,+919488084992,Mango,Fruit,81.98,1,81.98
CUST0353,Raj Naidu,23,Male,+917839931095,Watermelon,Fruit,83.22,1,83.22
CUST0354,Vikram Desai,28,Female,+917408274551,Onion,Vegetable,87.09,1,87.09
CUST0355,Priya Naidu,19,Male,+917474824261,Orange,Fruit,101.43,3,304.29
CUST0356,Deepa Gowda,29,Male,+917662477630,Tomato,Vegetable,106.32,3,318.96
CUST0357,Meera Desai,36,Male,+919837870522,Cabbage,Vegetable,83.82,4,335.28
CUST0358,Raj Sharma,66,Male,+917259109990,Pumpkin,Vegetable,84.77,2,169.54
CUST0359,Arjun Gowda,52,Male,+918672911858,Papaya,Fruit,70.99,3,212.97
CUST0360,Meera Joshi,25,Female,+918126285091,Onion,Vegetable,78.13,5,390.65
CUST0361,Kumar Mishra,48,Female,+919964833589,Grapes,Fruit,48.45,3,145.35
CUST0362,Ravi Patil,53,Female,+917402243707,Banana,Fruit,149.34,2,298.68
CUST0363,Vikram Gowda,52,Female,+917319365543,Guava,Fruit,54.22,4,216.88
CUST0364,Raj Mishra,29,Male,+918148148212,Banana,Fruit,134.97,5,674.85
CUST0365,Deepa Patil,23,Female,+917963829527,Mango,Fruit,141.56,2,283.12
CUST0366,Kiran Naidu,44,Male,+917792170652,Banana,Fruit,25.35,3,76.05
CUST0367,Raj Naidu,35,Male,+919524466556,Pineapple,Fruit,85.88,3,257.64
CUST0368,Kiran Iyer,36,Female,+917902552896,Onion,Vegetable,116.29,4,465.16
CUST0369,Amit Desai,18,Male,+918273765182,Brinjal,Vegetable,27.41,1,27.41
CUST0370,Vikram Iyer,32,Female,+917910358186,Pineapple,Fruit,117.43,2,234.86
CUST0371,Kiran Desai,24,Female,+919690921131,Tomato,Vegetable,87.61,2,175.22
CUST0372,Priya Gowda,64,Female,+917693044923,Capsicum,Vegetable,72.76,3,218.28
CUST0373,Kiran Mishra,60,Female,+918199940102,Papaya,Fruit,107.99,5,539.95
CUST0374,Kumar Reddy,33,Male,+918008642630,Pomegranate,Fruit,105.2,3,315.6
CUST0375,Kumar Desai,40,Male,+917022790017,Mango,Fruit,145.45,3,436.35
CUST0376,Arjun Patil,33,Female,+918719564719,Watermelon,Fruit,111.08,5,555.4
CUST0377,Kumar Reddy,53,Female,+919125272128,Papaya,Fruit,108.46,4,433.84
CUST0378,Sneha Verma,23,Male,+918515077854,Tomato,Vegetable,97.34,1,97.34
CUST0379,Meera Iyer,54,Male,+918626932464,Guava,Fruit,126.26,3,378.78
CUST0380,Neha Sharma,20,Male,+919990514151,Mango,Fruit,26.51,3,79.53
CUST0381,Ravi Desai,23,Female,+918209451941,Capsicum,Vegetable,68.53,5,342.65
CUST0382,Raj Verma,67,Female,+918771526071,Banana,Fruit,84.23,1,84.23
CUST0383,Kiran Gowda,19,Female,+919034621244,Carrot,Vegetable,73.64,4,294.56
CUST0384,Suresh Gowda,62,Male,+918174375830,Apple,Fruit,21.17,2,42.34
CUST0385,Kumar Patil,60,Female,+917723584991,Pomegranate,Fruit,22.12,2,44.24
CUST0386,Sneha Iyer,63,Female,+917866684174,Pumpkin,Vegetable,44.06,1,44.06
CUST0387,Amit Patil,63,Male,+917140242582,Banana,Fruit,99.38,2,198.76
CUST0388,Raj Mishra,24,Female,+919942493804,Apple,Fruit,116.02,3,348.06
CUST0389,Amit Patil,28,Female,+918156116178,Carrot,Vegetable,86.57,4,346.28
CUST0390,Priya Patil,59,Male,+918775430719,Brinjal,Vegetable,144.63,1,144.63
CUST0391,Priya Joshi,26,Male,+917895235038,Watermelon,Fruit,21.21,1,21.21
CUST0392,Meera Desai,44,Male,+917672202059,Orange,Fruit,140.71,3,422.13
CUST0393,Raj Sharma,21,Male,+919606393447,Apple,Fruit,85.47,5,427.35
CUST0394,Suresh Gowda,46,Female,+918702157309,Apple,Fruit,91.97,4,367.88
CUST0395,Amit Sharma,43,Female,+917069658031,Mango,Fruit,23.06,1,23.06
CUST0396,Raj Naidu,57,Male,+919670599117,Orange,Fruit,117.8,3,353.4
CUST0397,Raj Desai,54,Female,+919056120408,Papaya,Fruit,67.55,4,270.2
CUST0398,Vikram Joshi,39,Female,+918563540688,Pineapple,Fruit,89.55,5,447.75
CUST0399,Priya Sharma,26,Male,+917223206430,Spinach,Vegetable,29.81,3,89.43
CUST0400,Sneha Iyer,39,Male,+918581170358,Papaya,Fruit,64.47,3,193.41
CUST0401,Sunita Naidu,47,Male,+918498262008,Brinjal,Vegetable,125.94,1,125.94
CUST0402,Anil Reddy,34,Female,+917907086505,Cabbage,Vegetable,22.11,4,88.44
CUST0403,Raj Mishra,44,Female,+917602198309,Spinach,Vegetable,46.14,3,138.42
CUST0404,Sunita Joshi,31,Male,+919731765789,Cabbage,Vegetable,52.14,1,52.14
CUST0405,Vikram Verma,69,Female,+918255325787,Banana,Fruit,99.96,1,99.96
CUST0406,Raj Naidu,67,Male,+917999590287,Cauliflower,Vegetable,28.34,1,28.34
CUST0407,Kumar Joshi,19,Male,+919468015534,Cauliflower,Vegetable,52.17,1,52.17
CUST0408,Ravi Sharma,25,Male,+919487768318,Mango,Fruit,97.77,3,293.31
CUST0409,Suresh Naidu,29,Male,+917369574202,Pomegranate,Fruit,126.44,4,505.76
CUST0410,Raj Patil,53,Female,+918139703529,Banana,Fruit,116.42,3,349.26
CUST0411,Raj Reddy,46,Male,+918782316258,Mango,Fruit,104.84,2,209.68
CUST0412,Vikram Joshi,54,Male,+917374553649,Brinjal,Vegetable,120.08,3,360.24
CUST0413,Meera Sharma,42,Male,+919175030082,Pumpkin,Vegetable,129.47,3,388.41
CUST0414,Kiran Reddy,50,Male,+917486487618,Pomegranate,Fruit,94.5,3,283.5
CUST0415,Deepa Sharma,54,Male,+919139882405,Potato,Vegetable,104.58,4,418.32
CUST0416,Amit Joshi,58,Male,+919425655039,Pineapple,Fruit,78.15,2,156.3
CUST0417,Ravi Gowda,54,Female,+917823261389,Pineapple,Fruit,36.25,3,108.75
CUST0418,Priya Mishra,25,Male,+919105852652,Apple,Fruit,82.06,3,246.18
CUST0419,Kiran Patil,34,Female,+918225529948,Papaya,Fruit,119.21,4,476.84
CUST0420,Arjun Sharma,18,Female,+917133550341,Spinach,Vegetable,90.22,1,90.22
CUST0421,Kumar Sharma,64,Female,+919138702621,Orange,Fruit,95.31,5,476.55
CUST0422,Suresh Joshi,35,Female,+919826798597,Grapes,Fruit,58.12,1,58.12
CUST0423,Priya Desai,32,Female,+918534609809,Spinach,Vegetable,107.5,5,537.5
CUST0424,Anil Sharma,45,Female,+918119782912,Cabbage,Vegetable,76.53,5,382.65
CUST0425,Arjun Gowda,62,Female,+919575081752,Spinach,Vegetable,135.59,2,271.18
CUST0426,Vikram Patil,62,Female,+917858206458,Spinach,Vegetable,118.22,1,118.22
CUST0427,Anil Mishra,51,Female,+918022749034,Cabbage,Vegetable,148.1,4,592.4
CUST0428,Priya Patil,44,Female,+919480903642,Spinach,Vegetable,61.89,1,61.89
CUST0429,Amit Patil,58,Female,+917367299185,Watermelon,Fruit,25.6,2,51.2
CUST0430,Suresh Naidu,18,Male,+917092338531,Apple,Fruit,107.04,2,214.08
CUST0431,Ravi Iyer,34,Female,+919796161220,Onion,Vegetable,103.92,2,207.84
CUST0432,Sneha Mishra,31,Female,+918097682743,Pumpkin,Vegetable,69.4,3,208.2
CUST0433,Suresh Reddy,54,Male,+918941851645,Grapes,Fruit,131.7,2,263.4
CUST0434,Raj Desai,46,Male,+917372762641,Banana,Fruit,92.34,2,184.68
CUST0435,Sunita Verma,58,Male,+917884618893,Onion,Vegetable,52.09,4,208.36
CUST0436,Arjun Reddy,24,Female,+919898917083,Pineapple,Fruit,140.95,5,704.75
CUST0437,Sunita Verma,31,Male,+918268572182,Cauliflower,Vegetable,75.81,5,379.05
CUST0438,Suresh Naidu,29,Female,+918844940254,Brinjal,Vegetable,109.01,2,218.02
CUST0439,Sunita Naidu,33,Female,+917756812034,Cabbage,Vegetable,77.89,2,155.78
CUST0440,Amit Iyer,62,Male,+919311940115,Pomegranate,Fruit,136.27,4,545.08
CUST0441,Ravi Naidu,26,Male,+917203878053,Potato,Vegetable,102.49,1,102.49
CUST0442,Anil Iyer,47,Male,+919961199354,Apple,Fruit,95.01,5,475.05
CUST0443,Raj Sharma,65,Female,+918648748170,Orange,Fruit,69.84,1,69.84
CUST0444,Priya Mishra,45,Female,+918655624297,Cauliflower,Vegetable,124.2,2,248.4
CUST0445,Sunita Gowda,25,Male,+919569107646,Pumpkin,Vegetable,121.07,3,363.21
CUST0446,Suresh Patil,41,Female,+919467383029,Pomegranate,Fruit,138.37,3,415.11
CUST0447,Sneha Patil,55,Male,+917773150303,Spinach,Vegetable,39.65,5,198.25
CUST0448,Kumar Iyer,68,Male,+919443339224,Brinjal,Vegetable,135.99,3,407.97
CUST0449,Kiran Patil,46,Male,+917212051870,Capsicum,Vegetable,42.22,5,211.1
CUST0450,Sneha Naidu,66,Male,+917533283395,Brinjal,Vegetable,79.56,3,238.68
CUST0451,Priya Patil,59,Female,+917587109152,Guava,Fruit,142.32,2,284.64
CUST0452,Kiran Iyer,18,Male,+918717445208,Guava,Fruit,120.03,2,240.06
CUST0453,Ravi Patil,27,Female,+919699283445,Cabbage,Vegetable,143.37,1,143.37
CUST0454,Deepa Patil,24,Female,+918956202266,Brinjal,Vegetable,113.06,5,565.3
CUST0455,Kiran Desai,39,Male,+918662363679,Capsicum,Vegetable,136.64,3,409.92
CUST0456,Ravi Verma,19,Female,+918752686175,Watermelon,Fruit,36.13,4,144.52
CUST0457,Neha Reddy,50,Female,+917434207076,Watermelon,Fruit,69.94,1,69.94
CUST0458,Kumar Desai,34,Male,+918166015546,Spinach,Vegetable,105.61,1,105.61
CUST0459,Sunita Desai,24,Female,+917679939685,Pumpkin,Vegetable,38.07,2,76.14
CUST0460,Neha Sharma,47,Male,+919889263609,Pomegranate,Fruit,91.15,3,273.45
CUST0461,Kiran Gowda,25,Female,+917229414155,Spinach,Vegetable,43.47,4,173.88
CUST0462,Suresh Sharma,64,Male,+919949428381,Grapes,Fruit,104.9,5,524.5
CUST0463,Ravi Gowda,68,Female,+918215849100,Potato,Vegetable,119.04,5,595.2
CUST0464,Raj Joshi,68,Female,+918873333477,Cabbage,Vegetable,63.92,2,127.84
CUST0465,Vikram Iyer,27,Male,+919258295760,Mango,Fruit,24.75,5,123.75
CUST0466,Vikram Gowda,57,Male,+919064508860,Capsicum,Vegetable,58.83,5,294.15
CUST0467,Vikram Sharma,49,Male,+919279551009,Cauliflower,Vegetable,97.14,5,485.7
CUST0468,Arjun Reddy,60,Female,+919486485327,Banana,Fruit,38.1,4,152.4
CUST0469,Neha Patil,57,Male,+919586239492,Pumpkin,Vegetable,34.49,4,137.96
CUST0470,Sneha Gowda,65,Female,+919901830890,Cabbage,Vegetable,22.68,4,90.72
CUST0471,Suresh Verma,27,Female,+919681410573,Orange,Fruit,92.84,5,464.2
CUST0472,Kumar Joshi,54,Female,+919919687578,Banana,Fruit,110.14,4,440.56
CUST0473,Neha Sharma,38,Female,+917548081739,Carrot,Vegetable,84.28,4,337.12
CUST0474,Anil Sharma,51,Female,+917634397761,Orange,Fruit,47.22,4,188.88
CUST0475,Ravi Mishra,45,Female,+919954158106,Carrot,Vegetable,75.72,3,227.16
CUST0476,Suresh Joshi,47,Male,+918075439624,Banana,Fruit,137.34,5,686.7
CUST0477,Sunita Iyer,36,Male,+918212009196,Carrot,Vegetable,136.08,2,272.16
CUST0478,Meera Sharma,40,Female,+919914967963,Brinjal,Vegetable,44.09,1,44.09
CUST0479,Sneha Gowda,40,Female,+917733082984,Guava,Fruit,132.52,3,397.56
CUST0480,Vikram Reddy,52,Female,+917151540793,Guava,Fruit,133.87,2,267.74
CUST0481,Arjun Joshi,19,Male,+917609041917,Brinjal,Vegetable,45.57,4,182.28
CUST0482,Deepa Joshi,54,Female,+919276509227,Orange,Fruit,88.73,5,443.65
CUST0483,Kumar Desai,47,Male,+918873642179,Mango,Fruit,123.9,5,619.5
CUST0484,Ravi Verma,30,Female,+919996833397,Cabbage,Vegetable,73.2,1,73.2
CUST0485,Deepa Naidu,57,Male,+917581219791,Pineapple,Fruit,139.04,4,556.16
CUST0486,Ravi Verma,70,Female,+917425641208,Capsicum,Vegetable,145.58,1,145.58
CUST0487,Deepa Mishra,27,Female,+918115967017,Carrot,Vegetable,100.16,1,100.16
CUST0488,Kiran Iyer,46,Male,+917206439866,Papaya,Fruit,102.08,4,408.32
CUST0489,Priya Gowda,50,Female,+917026908832,Mango,Fruit,85.77,3,257.31
CUST0490,Anil Iyer,64,Male,+918660977030,Apple,Fruit,33.49,4,133.96
CUST0491,Neha Reddy,67,Female,+918093707885,Spinach,Vegetable,111.9,2,223.8
CUST0492,Kumar Gowda,28,Female,+918742770553,Grapes,Fruit,52.05,1,52.05
CUST0493,Arjun Patil,32,Female,+919233921091,Pomegranate,Fruit,51.71,4,206.84
CUST0494,Sunita Desai,32,Male,+918933422128,Onion,Vegetable,114.09,3,342.27
CUST0495,Neha Desai,34,Female,+918605321689,Mango,Fruit,114.71,2,229.42
CUST0496,Neha Patil,25,Female,+919366860049,Guava,Fruit,27.48,3,82.44
CUST0497,Sneha Reddy,62,Male,+917764448891,Grapes,Fruit,46.66,3,139.98
CUST0498,Kiran Reddy,27,Male,+919809156495,Carrot,Vegetable,95.49,2,190.98
CUST0499,Ravi Verma,40,Female,+918401990119,Banana,Fruit,68.36,3,205.08
CUST0500,Suresh Iyer,29,Female,+917557068944,Pineapple,Fruit,41.0,5,205.0
CUST0501,Sunita Desai,30,Male,+918273853654,Brinjal,Vegetable,140.19,4,560.76
CUST0502,Priya Gowda,66,Female,+918530441047,Papaya,Fruit,139.98,3,419.94
CUST0503,Priya Verma,56,Female,+919599286845,Tomato,Vegetable,101.06,4,404.24
CUST0504,Neha Gowda,28,Male,+918268140161,Papaya,Fruit,90.22,5,451.1
CUST0505,Ravi Joshi,26,Female,+917998643682,Potato,Vegetable,27.76,2,55.52
CUST0506,Anil Desai,59,Male,+919253003444,Pomegranate,Fruit,140.04,4,560.16
CUST0507,Ravi Patil,40,Female,+918328478645,Capsicum,Vegetable,29.12,3,87.36
CUST0508,Sneha Desai,67,Male,+919728014980,Banana,Fruit,75.02,4,300.08
CUST0509,Suresh Sharma,47,Female,+918950710796,Banana,Fruit,107.18,4,428.72
CUST0510,Ravi Gowda,20,Female,+919411255911,Grapes,Fruit,119.55,1,119.55
CUST0511,Kiran Verma,47,Female,+919667294413,Apple,Fruit,39.3,5,196.5
CUST0512,Kumar Verma,26,Male,+917240762794,Capsicum,Vegetable,23.76,2,47.52
CUST0513,Suresh Desai,20,Female,+918904885454,Potato,Vegetable,82.83,5,414.15
CUST0514,Arjun Reddy,29,Female,+917084748322,Carrot,Vegetable,132.08,4,528.32
CUST0515,Kumar Reddy,49,Male,+918360688620,Capsicum,Vegetable,140.71,2,281.42
CUST0516,Vikram Gowda,66,Male,+919504241118,Mango,Fruit,85.46,5,427.3
CUST0517,Neha Reddy,54,Female,+918593942082,Pineapple,Fruit,106.48,1,106.48
CUST0518,Arjun Iyer,46,Male,+918749436966,Onion,Vegetable,94.42,2,188.84
CUST0519,Priya Sharma,28,Female,+918922889241,Onion,Vegetable,45.42,3,136.26
CUST0520,Raj Joshi,67,Male,+918107160788,Spinach,Vegetable,81.79,5,408.95
CUST0521,Suresh Desai,28,Female,+919859154594,Cauliflower,Vegetable,135.28,3,405.84
CUST0522,Sneha Mishra,54,Female,+918438759934,Onion,Vegetable,23.74,4,94.96
CUST0523,Amit Iyer,21,Male,+919485012556,Mango,Fruit,44.23,1,44.23
CUST0524,Neha Gowda,50,Male,+919469952167,Spinach,Vegetable,97.05,2,194.1
CUST0525,Sunita Reddy,58,Female,+919617096821,Cauliflower,Vegetable,52.65,5,263.25
CUST0526,Arjun Joshi,22,Female,+918172746631,Onion,Vegetable,70.63,5,353.15
CUST0527,Priya Naidu,31,Female,+917248709392,Pineapple,Fruit,68.4,1,68.4
CUST0528,Amit Gowda,41,Female,+918231420663,Brinjal,Vegetable,49.55,3,148.65
CUST0529,Suresh Patil,44,Male,+917760375979,Cauliflower,Vegetable,27.05,1,27.05
CUST0530,Neha Patil,57,Female,+919747647735,Pumpkin,Vegetable,149.26,4,597.04
CUST0531,Meera Gowda,56,Female,+917094660414,Cabbage,Vegetable,23.21,4,92.84
CUST0532,Amit Mishra,47,Female,+917742325464,Mango,Fruit,69.12,1,69.12
CUST0533,Meera Naidu,70,Male,+917085956985,Pomegranate,Fruit,75.88,4,303.52
CUST0534,Priya Reddy,23,Male,+919338425696,Pineapple,Fruit,42.99,5,214.95
CUST0535,Ravi Verma,48,Male,+918803831407,Guava,Fruit,128.1,1,128.1
CUST0536,Deepa Desai,29,Female,+917118798211,Pineapple,Fruit,28.34,4,113.36
CUST0537,Ravi Patil,29,Male,+919611150184,Pomegranate,Fruit,71.52,1,71.52
CUST0538,Vikram Naidu,18,Male,+917602399752,Banana,Fruit,70.49,2,140.98
CUST0539,Suresh Joshi,30,Male,+917062023169,Onion,Vegetable,96.5,4,386.0
CUST0540,Vikram Patil,40,Female,+918899211553,Grapes,Fruit,120.7,1,120.7
CUST0541,Priya Naidu,61,Male,+917946561008,Mango,Fruit,77.99,3,233.97
CUST0542,Kiran Verma,38,Male,+917488326842,Apple,Fruit,26.93,2,53.86
CUST0543,Kumar Verma,68,Male,+917305869879,Tomato,Vegetable,20.37,1,20.37
CUST0544,Suresh Iyer,53,Female,+917452102866,Pomegranate,Fruit,134.64,4,538.56
CUST0545,Priya Iyer,21,Male,+917501124602,Brinjal,Vegetable,36.36,1,36.36
CUST0546,Deepa Naidu,61,Female,+917981880900,Grapes,Fruit,128.31,5,641.55
CUST0547,Neha Naidu,45,Female,+918210496751,Papaya,Fruit,85.05,5,425.25
CUST0548,Priya Desai,29,Female,+918351774299,Potato,Vegetable,145.04,3,435.12
CUST0549,Meera Gowda,44,Male,+918301005836,Spinach,Vegetable,22.48,1,22.48
CUST0550,Sunita Verma,59,Male,+917647897866,Onion,Vegetable,75.54,1,75.54
CUST0551,Kiran Verma,66,Male,+919429272080,Carrot,Vegetable,146.82,1,146.82
CUST0552,Ravi Patil,43,Male,+917039796338,Watermelon,Fruit,86.73,3,260.19
CUST0553,Amit Patil,58,Male,+917849168242,Grapes,Fruit,120.35,3,361.05
CUST0554,Neha Reddy,52,Female,+919563080517,Tomato,Vegetable,132.68,5,663.4
CUST0555,Suresh Iyer,58,Female,+917583151677,Papaya,Fruit,99.18,3,297.54
CUST0556,Anil Gowda,28,Male,+917787377527,Orange,Fruit,48.06,1,48.06
CUST0557,Sunita Patil,65,Male,+919777985666,Potato,Vegetable,135.2,3,405.6
CUST0558,Anil Mishra,66,Female,+918597369663,Pineapple,Fruit,97.78,2,195.56
CUST0559,Meera Patil,43,Female,+919286915275,Cauliflower,Vegetable,87.83,1,87.83
CUST0560,Kumar Mishra,66,Female,+918556723848,Grapes,Fruit,33.94,4,135.76
CUST0561,Neha Patil,23,Female,+918383532491,Grapes,Fruit,46.55,5,232.75
CUST0562,Meera Gowda,34,Male,+918372381635,Cabbage,Vegetable,116.25,2,232.5
CUST0563,Meera Naidu,37,Male,+918044486118,Guava,Fruit,107.38,5,536.9
CUST0564,Anil Mishra,62,Male,+917622692183,Guava,Fruit,123.31,3,369.93
CUST0565,Raj Naidu,21,Male,+917336422606,Pineapple,Fruit,81.65,4,326.6
CUST0566,Ravi Patil,29,Female,+918282287018,Cabbage,Vegetable,29.7,4,118.8
CUST0567,Anil Iyer,48,Male,+918855796762,Watermelon,Fruit,126.92,2,253.84
CUST0568,Kiran Mishra,28,Female,+918310265876,Potato,Vegetable,35.89,2,71.78
CUST0569,Priya Verma,63,Female,+917527029714,Pomegranate,Fruit,96.96,2,193.92
CUST0570,Sneha Desai,29,Female,+917571473444,Cabbage,Vegetable,68.11,5,340.55
CUST0571,Deepa Joshi,49,Female,+917257652733,Guava,Fruit,96.58,3,289.74
CUST0572,Anil Mishra,55,Male,+917300199620,Brinjal,Vegetable,108.84,3,326.52
CUST0573,Arjun Reddy,58,Female,+917607894900,Papaya,Fruit,79.55,2,159.1
CUST0574,Anil Iyer,30,Female,+918450400259,Cauliflower,Vegetable,39.31,5,196.55
CUST0575,Raj Iyer,54,Female,+917381027299,Orange,Fruit,59.72,5,298.6
CUST0576,Neha Joshi,36,Female,+919225388418,Pomegranate,Fruit,30.17,5,150.85
CUST0577,Meera Mishra,30,Female,+919977694436,Grapes,Fruit,139.24,3,417.72
CUST0578,Neha Mishra,58,Male,+917337106105,Tomato,Vegetable,80.0,5,400.0
CUST0579,Sneha Gowda,55,Male,+918009460387,Mango,Fruit,60.74,3,182.22
CUST0580,Amit Iyer,56,Female,+919442851653,Guava,Fruit,51.4,3,154.2
CUST0581,Raj Desai,35,Female,+919905450001,Onion,Vegetable,133.93,3,401.79
CUST0582,Ravi Gowda,65,Female,+917976033970,Capsicum,Vegetable,127.91,1,127.91
CUST0583,Anil Joshi,63,Male,+918885045956,Pomegranate,Fruit,108.84,4,435.36
CUST0584,Meera Gowda,57,Female,+917491392009,Guava,Fruit,125.61,3,376.83
CUST0585,Amit Sharma,18,Male,+917160536509,Brinjal,Vegetable,141.55,1,141.55
CUST0586,Sneha Naidu,26,Male,+919383685439,Apple,Fruit,34.35,2,68.7
CUST0587,Neha Iyer,23,Male,+917203527844,Spinach,Vegetable,38.49,1,38.49
CUST0588,Raj Desai,56,Female,+917204548686,Apple,Fruit,46.49,5,232.45
CUST0589,Meera Reddy,47,Male,+919996426727,Brinjal,Vegetable,44.56,5,222.8
CUST0590,Kiran Reddy,61,Female,+917556761529,Cabbage,Vegetable,105.43,5,527.15
CUST0591,Priya Gowda,51,Female,+918319986880,Pomegranate,Fruit,96.43,4,385.72
CUST0592,Kiran Iyer,64,Male,+917543900806,Mango,Fruit,120.86,5,604.3
CUST0593,Meera Sharma,20,Male,+918297856019,Papaya,Fruit,97.51,4,390.04
CUST0594,Amit Verma,62,Female,+918218292083,Mango,Fruit,120.8,3,362.4
CUST0595,Ravi Reddy,46,Female,+918984147073,Apple,Fruit,88.51,1,88.51
CUST0596,Anil Naidu,56,Female,+919994051863,Cabbage,Vegetable,35.74,1,35.74
CUST0597,Suresh Joshi,40,Female,+918276774349,Pomegranate,Fruit,106.49,2,212.98
CUST0598,Anil Mishra,22,Male,+918030220886,Pomegranate,Fruit,78.61,4,314.44
CUST0599,Kumar Joshi,40,Male,+919552468109,Pumpkin,Vegetable,133.42,5,667.1
CUST0600,Deepa Desai,20,Male,+918658629790,Banana,Fruit,129.56,5,647.8
CUST0601,Vikram Reddy,40,Male,+917367082796,Potato,Vegetable,120.85,3,362.55
CUST0602,Priya Patil,52,Male,+918593805416,Capsicum,Vegetable,145.24,5,726.2
CUST0603,Vikram Joshi,39,Female,+917072434636,Mango,Fruit,31.64,4,126.56
CUST0604,Suresh Reddy,51,Male,+919298314760,Cauliflower,Vegetable,57.42,5,287.1
CUST0605,Raj Iyer,68,Male,+917596969855,Carrot,Vegetable,87.76,4,351.04
CUST0606,Priya Gowda,53,Male,+919614866920,Cabbage,Vegetable,79.21,4,316.84
CUST0607,Deepa Verma,19,Male,+917729188743,Capsicum,Vegetable,83.28,2,166.56
CUST0608,Neha Patil,53,Female,+918458064423,Pineapple,Fruit,63.21,5,316.05
CUST0609,Sunita Gowda,55,Male,+917597730674,Cabbage,Vegetable,84.76,3,254.28
CUST0610,Anil Joshi,60,Female,+919078769580,Mango,Fruit,108.86,4,435.44
CUST0611,Priya Mishra,56,Male,+919191298506,Potato,Vegetable,102.14,4,408.56
CUST0612,Priya Gowda,45,Male,+919012093298,Mango,Fruit,59.35,5,296.75
CUST0613,Sunita Patil,36,Female,+918168715843,Mango,Fruit,139.92,5,699.6
CUST0614,Deepa Joshi,39,Female,+919978127968,Watermelon,Fruit,78.68,3,236.04
CUST0615,Vikram Gowda,32,Male,+917684509924,Grapes,Fruit,24.31,2,48.62
CUST0616,Kiran Sharma,67,Male,+919124571979,Capsicum,Vegetable,143.16,2,286.32
CUST0617,Neha Desai,56,Female,+917570448666,Pumpkin,Vegetable,86.77,5,433.85
CUST0618,Neha Patil,32,Male,+918916784729,Orange,Fruit,36.96,3,110.88
CUST0619,Neha Patil,20,Male,+917637716367,Orange,Fruit,47.71,5,238.55
CUST0620,Anil Sharma,33,Female,+919134236894,Grapes,Fruit,114.16,4,456.64
CUST0621,Ravi Joshi,41,Female,+919284438317,Mango,Fruit,59.88,4,239.52
CUST0622,Kiran Patil,37,Male,+919852470191,Guava,Fruit,40.13,5,200.65
CUST0623,Kumar Patil,21,Female,+917609102551,Onion,Vegetable,82.07,5,410.35
CUST0624,Deepa Mishra,25,Male,+918043429623,Potato,Vegetable,148.24,3,444.72
CUST0625,Raj Joshi,36,Male,+917315323880,Apple,Fruit,76.76,4,307.04
CUST0626,Deepa Naidu,63,Male,+919703890700,Mango,Fruit,48.25,3,144.75
CUST0627,Amit Sharma,61,Female,+919936105025,Brinjal,Vegetable,74.03,5,370.15
CUST0628,Sunita Sharma,27,Male,+917324676805,Grapes,Fruit,90.03,5,450.15
CUST0629,Neha Patil,44,Female,+917645698188,Papaya,Fruit,115.32,1,115.32
CUST0630,Arjun Iyer,23,Male,+919807279648,Guava,Fruit,119.34,4,477.36
CUST0631,Sunita Reddy,20,Male,+918436682067,Pomegranate,Fruit,117.47,4,469.88
CUST0632,Kumar Sharma,26,Male,+918026146037,Tomato,Vegetable,113.14,2,226.28
CUST0633,Kiran Naidu,27,Female,+917299837094,Pomegranate,Fruit,50.39,3,151.17
CUST0634,Ravi Mishra,23,Male,+919705333110,Cauliflower,Vegetable,40.76,3,122.28
CUST0635,Anil Verma,58,Male,+919018445042,Tomato,Vegetable,45.63,5,228.15
CUST0636,Deepa Sharma,52,Male,+918249584001,Cauliflower,Vegetable,50.98,4,203.92
CUST0637,Vikram Desai,67,Female,+918124928673,Mango,Fruit,149.68,5,748.4
CUST0638,Sunita Iyer,25,Female,+918600584784,Brinjal,Vegetable,136.78,4,547.12
CUST0639,Deepa Mishra,31,Male,+918107407104,Pomegranate,Fruit,66.62,3,199.86
CUST0640,Meera Gowda,31,Female,+919333733246,Orange,Fruit,32.89,5,164.45
CUST0641,Amit Desai,19,Male,+917085776693,Apple,Fruit,24.45,2,48.9
CUST0642,Kiran Mishra,21,Male,+918536688197,Brinjal,Vegetable,96.34,2,192.68
CUST0643,Raj Reddy,36,Male,+918549370989,Pineapple,Fruit,26.65,2,53.3
CUST0644,Sunita Desai,40,Male,+919483966099,Pumpkin,Vegetable,95.67,1,95.67
CUST0645,Kiran Sharma,39,Male,+919988741734,Pumpkin,Vegetable,89.44,3,268.32
CUST0646,Kiran Verma,46,Female,+919759936546,Tomato,Vegetable,145.54,4,582.16
CUST0647,Priya Mishra,34,Male,+919030163153,Pumpkin,Vegetable,52.08,5,260.4
CUST0648,Kumar Verma,61,Female,+918721547200,Capsicum,Vegetable,132.6,1,132.6
CUST0649,Deepa Iyer,20,Female,+919889803925,Carrot,Vegetable,84.96,4,339.84
CUST0650,Arjun Patil,53,Male,+919138586073,Capsicum,Vegetable,46.85,3,140.55
CUST0651,Neha Joshi,36,Female,+918007579088,Pomegranate,Fruit,66.04,1,66.04
CUST0652,Meera Sharma,64,Male,+917766854029,Papaya,Fruit,125.36,2,250.72
CUST0653,Ravi Naidu,26,Female,+918300900225,Tomato,Vegetable,46.48,5,232.4
CUST0654,Ravi Verma,66,Female,+919061659777,Potato,Vegetable,130.91,5,654.55
CUST0655,Meera Patil,32,Male,+917342924918,Pumpkin,Vegetable,36.02,4,144.08
CUST0656,Sneha Verma,62,Female,+918718370922,Pomegranate,Fruit,112.18,4,448.72
CUST0657,Anil Patil,34,Female,+917690052686,Onion,Vegetable,56.51,5,282.55
CUST0658,Deepa Joshi,33,Female,+917097620218,Potato,Vegetable,137.04,4,548.16
CUST0659,Deepa Desai,25,Female,+918605465007,Potato,Vegetable,22.65,1,22.65
CUST0660,Sunita Mishra,36,Male,+919423075813,Papaya,Fruit,144.11,3,432.33
CUST0661,Sneha Iyer,38,Female,+919192601448,Capsicum,Vegetable,147.25,3,441.75
CUST0662,Kumar Reddy,54,Male,+918044470393,Spinach,Vegetable,50.43,3,151.29
CUST0663,Kumar Joshi,18,Male,+917900997911,Guava,Fruit,120.01,2,240.02
CUST0664,Sneha Desai,25,Male,+918692171738,Potato,Vegetable,51.25,3,153.75
CUST0665,Deepa Joshi,24,Male,+917701447229,Brinjal,Vegetable,108.84,1,108.84
CUST0666,Ravi Joshi,19,Female,+917808368144,Watermelon,Fruit,93.05,3,279.15
CUST0667,Anil Joshi,19,Male,+919121659889,Capsicum,Vegetable,50.66,4,202.64
CUST0668,Ravi Mishra,64,Male,+917351617643,Tomato,Vegetable,71.63,5,358.15
CUST0669,Sneha Desai,30,Male,+918612783001,Mango,Fruit,40.25,2,80.5
CUST0670,Anil Reddy,25,Male,+918685497761,Apple,Fruit,122.82,4,491.28
CUST0671,Neha Verma,32,Female,+919524904936,Pineapple,Fruit,86.69,1,86.69
CUST0672,Deepa Iyer,65,Female,+919300326503,Capsicum,Vegetable,144.91,1,144.91
CUST0673,Sunita Naidu,33,Female,+918686896052,Pineapple,Fruit,73.07,1,73.07
CUST0674,Meera Mishra,63,Male,+919742838649,Potato,Vegetable,63.87,1,63.87
CUST0675,Anil Patil,37,Female,+917923677820,Watermelon,Fruit,120.56,3,361.68
CUST0676,Neha Joshi,59,Male,+918156974053,Carrot,Vegetable,88.62,3,265.86
CUST0677,Kumar Joshi,60,Male,+917091015724,Tomato,Vegetable,143.18,4,572.72
CUST0678,Arjun Sharma,22,Male,+917375529069,Capsicum,Vegetable,29.29,1,29.29
CUST0679,Sneha Gowda,50,Female,+918366567331,Pomegranate,Fruit,139.99,5,699.95
CUST0680,Sunita Iyer,32,Male,+918726116871,Carrot,Vegetable,140.79,2,281.58
CUST0681,Anil Iyer,33,Female,+919610460471,Papaya,Fruit,119.37,4,477.48
CUST0682,Vikram Joshi,35,Female,+918679168306,Mango,Fruit,134.2,3,402.6
CUST0683,Neha Naidu,43,Female,+919477540457,Tomato,Vegetable,106.66,3,319.98
CUST0684,Ravi Naidu,70,Male,+917490020117,Brinjal,Vegetable,22.83,4,91.32
CUST0685,Sneha Naidu,67,Male,+917794434170,Cauliflower,Vegetable,105.45,1,105.45
CUST0686,Anil Sharma,45,Male,+917289382359,Pumpkin,Vegetable,125.92,1,125.92
CUST0687,Kiran Patil,31,Male,+917759319087,Mango,Fruit,109.13,5,545.65
CUST0688,Vikram Verma,35,Female,+918493394847,Pumpkin,Vegetable,64.33,5,321.65
CUST0689,Kiran Joshi,65,Female,+917833461546,Brinjal,Vegetable,96.15,1,96.15
CUST0690,Sunita Sharma,67,Female,+919622358185,Cabbage,Vegetable,124.24,5,621.2
CUST0691,Kumar Patil,29,Male,+917280737612,Banana,Fruit,91.52,1,91.52
CUST0692,Deepa Reddy,22,Female,+917253135095,Cabbage,Vegetable,61.32,2,122.64
CUST0693,Kumar Naidu,27,Female,+919292091052,Guava,Fruit,147.46,1,147.46
CUST0694,Kiran Sharma,62,Male,+918607130544,Pumpkin,Vegetable,84.15,2,168.3
CUST0695,Raj Desai,29,Male,+917822948649,Potato,Vegetable,129.99,5,649.95
CUST0696,Sunita Reddy,43,Male,+919262252689,Carrot,Vegetable,94.09,2,188.18
CUST0697,Deepa Verma,49,Male,+917756019245,Capsicum,Vegetable,53.75,5,268.75
CUST0698,Suresh Patil,62,Female,+919956668303,Cabbage,Vegetable,142.23,1,142.23
CUST0699,Ravi Iyer,36,Male,+917035824997,Guava,Fruit,56.35,2,112.7
CUST0700,Vikram Iyer,34,Male,+917847158694,Onion,Vegetable,57.42,3,172.26
CUST0701,Neha Naidu,69,Male,+918502560567,Cabbage,Vegetable,49.5,5,247.5
CUST0702,Arjun Joshi,35,Female,+918197535345,Pineapple,Fruit,127.46,5,637.3
CUST0703,Sneha Mishra,19,Male,+917581752195,Potato,Vegetable,82.17,2,164.34
CUST0704,Arjun Desai,47,Female,+918100238516,Tomato,Vegetable,57.19,4,228.76
CUST0705,Meera Reddy,58,Male,+918549385439,Capsicum,Vegetable,124.2,2,248.4
CUST0706,Priya Patil,45,Female,+918206151208,Guava,Fruit,102.76,1,102.76
CUST0707,Anil Reddy,37,Female,+918883128732,Potato,Vegetable,119.07,1,119.07
CUST0708,Suresh Verma,29,Female,+917991230756,Watermelon,Fruit,147.97,4,591.88
CUST0709,Raj Verma,55,Female,+919003793733,Potato,Vegetable,129.73,3,389.19
CUST0710,Ravi Patil,19,Female,+917665780867,Grapes,Fruit,104.91,1,104.91
CUST0711,Kumar Verma,31,Female,+917729143542,Mango,Fruit,122.35,4,489.4
CUST0712,Anil Desai,26,Male,+918988834326,Pumpkin,Vegetable,28.61,4,114.44
CUST0713,Neha Reddy,32,Female,+917061260092,Pumpkin,Vegetable,148.79,5,743.95
CUST0714,Sneha Naidu,46,Female,+918999643966,Tomato,Vegetable,109.09,1,109.09
CUST0715,Priya Reddy,37,Male,+917067918141,Pumpkin,Vegetable,106.16,4,424.64
CUST0716,Sunita Naidu,50,Female,+919141490823,Potato,Vegetable,122.27,4,489.08
CUST0717,Sunita Gowda,28,Female,+917648024408,Onion,Vegetable,138.5,4,554.0
CUST0718,Suresh Naidu,59,Female,+918228396187,Capsicum,Vegetable,83.97,1,83.97
CUST0719,Ravi Desai,28,Male,+919643755972,Pumpkin,Vegetable,138.74,1,138.74
CUST0720,Sneha Gowda,59,Male,+918035085078,Apple,Fruit,55.26,5,276.3
CUST0721,Ravi Joshi,50,Male,+917008283840,Carrot,Vegetable,140.16,3,420.48
CUST0722,Sunita Patil,55,Female,+919540937710,Carrot,Vegetable,36.35,4,145.4
CUST0723,Deepa Reddy,40,Female,+918428490098,Carrot,Vegetable,81.2,5,406.0
CUST0724,Ravi Reddy,34,Female,+919072226228,Tomato,Vegetable,56.07,4,224.28
CUST0725,Arjun Sharma,52,Male,+917356343387,Brinjal,Vegetable,26.07,4,104.28
CUST0726,Sunita Desai,28,Male,+917813448072,Carrot,Vegetable,83.75,4,335.0
CUST0727,Vikram Desai,35,Male,+919047364537,Brinjal,Vegetable,137.44,5,687.2
CUST0728,Sunita Iyer,28,Male,+919844341717,Potato,Vegetable,115.48,1,115.48
CUST0729,Raj Iyer,60,Female,+918714201786,Banana,Fruit,54.33,2,108.66
CUST0730,Priya Gowda,38,Female,+919927073181,Onion,Vegetable,52.12,1,52.12
CUST0731,Priya Gowda,30,Female,+917692090523,Potato,Vegetable,106.96,2,213.92
CUST0732,Anil Mishra,68,Female,+917323171701,Tomato,Vegetable,132.51,3,397.53
CUST0733,Meera Patil,34,Female,+919545879748,Spinach,Vegetable,47.19,1,47.19
CUST0734,Kiran Desai,20,Female,+917171903467,Watermelon,Fruit,124.32,2,248.64
CUST0735,Vikram Sharma,50,Female,+918951140022,Pumpkin,Vegetable,102.73,3,308.19
CUST0736,Deepa Gowda,58,Male,+918481998769,Banana,Fruit,78.84,4,315.36
CUST0737,Priya Patil,52,Female,+918248116899,Guava,Fruit,76.49,4,305.96
CUST0738,Kiran Naidu,55,Male,+919382283172,Watermelon,Fruit,117.0,2,234.0
CUST0739,Amit Verma,23,Female,+918484263111,Cabbage,Vegetable,24.82,1,24.82
CUST0740,Vikram Gowda,21,Male,+917195377967,Brinjal,Vegetable,60.47,1,60.47
CUST0741,Sunita Joshi,57,Female,+919128580625,Brinjal,Vegetable,26.36,4,105.44
CUST0742,Sunita Gowda,53,Male,+919375904956,Onion,Vegetable,147.72,3,443.16
CUST0743,Kiran Reddy,57,Female,+919611270175,Brinjal,Vegetable,47.32,2,94.64
CUST0744,Kumar Reddy,22,Male,+919593773870,Grapes,Fruit,106.13,1,106.13
CUST0745,Meera Mishra,45,Female,+917698148714,Brinjal,Vegetable,124.59,1,124.59
CUST0746,Deepa Gowda,25,Female,+917344326060,Pineapple,Fruit,118.61,5,593.05
CUST0747,Kumar Verma,48,Female,+919160181148,Guava,Fruit,58.55,1,58.55
CUST0748,Kumar Desai,56,Female,+917403848199,Pineapple,Fruit,24.46,3,73.38
CUST0749,Deepa Sharma,40,Female,+918802890664,Potato,Vegetable,60.45,5,302.25
CUST0750,Priya Reddy,39,Male,+917663008930,Carrot,Vegetable,86.1,4,344.4
CUST0751,Priya Patil,36,Male,+917880752339,Pineapple,Fruit,90.97,1,90.97
CUST0752,Sunita Naidu,67,Male,+918073409722,Apple,Fruit,71.32,1,71.32
CUST0753,Ravi Reddy,18,Male,+917515404546,Brinjal,Vegetable,120.44,1,120.44
CUST0754,Sunita Verma,47,Female,+919188035858,Pomegranate,Fruit,96.7,1,96.7
CUST0755,Amit Reddy,52,Female,+919760136570,Potato,Vegetable,22.95,3,68.85
CUST0756,Kumar Mishra,70,Female,+918018834946,Cabbage,Vegetable,138.43,4,553.72
CUST0757,Meera Iyer,65,Male,+919844086539,Capsicum,Vegetable,53.42,1,53.42
CUST0758,Kiran Verma,25,Male,+918497588092,Brinjal,Vegetable,83.82,1,83.82
CUST0759,Kumar Sharma,26,Male,+919843614983,Capsicum,Vegetable,24.16,4,96.64
CUST0760,Priya Joshi,29,Male,+917338091470,Mango,Fruit,114.83,4,459.32
CUST0761,Sunita Iyer,34,Male,+919559112664,Spinach,Vegetable,139.76,4,559.04
CUST0762,Priya Sharma,28,Female,+917003099989,Papaya,Fruit,135.47,1,135.47
CUST0763,Sneha Patil,59,Male,+919225581681,Mango,Fruit,64.52,5,322.6
CUST0764,Kumar Joshi,52,Female,+917733620571,Capsicum,Vegetable,43.07,1,43.07
CUST0765,Amit Iyer,43,Male,+918682256082,Potato,Vegetable,24.85,1,24.85
CUST0766,Sunita Verma,21,Female,+917541388058,Capsicum,Vegetable,85.34,2,170.68
CUST0767,Suresh Naidu,23,Male,+919295701704,Capsicum,Vegetable,27.88,4,111.52
CUST0768,Priya Verma,52,Male,+918538436015,Grapes,Fruit,80.35,1,80.35
CUST0769,Arjun Desai,38,Male,+917012210395,Orange,Fruit,32.39,3,97.17
CUST0770,Anil Patil,22,Female,+918601317484,Orange,Fruit,61.59,3,184.77
CUST0771,Sneha Joshi,45,Male,+919121382102,Pineapple,Fruit,23.29,4,93.16
CUST0772,Deepa Joshi,42,Female,+919154279885,Pomegranate,Fruit,118.53,3,355.59
CUST0773,Anil Mishra,21,Male,+919410468792,Guava,Fruit,69.09,3,207.27
CUST0774,Kiran Reddy,22,Female,+919230696822,Mango,Fruit,75.55,5,377.75
CUST0775,Sneha Sharma,70,Male,+919136141488,Apple,Fruit,87.57,2,175.14
CUST0776,Raj Iyer,31,Female,+919747129390,Capsicum,Vegetable,135.32,4,541.28
CUST0777,Priya Patil,35,Male,+917540022658,Watermelon,Fruit,85.06,5,425.3
CUST0778,Neha Gowda,26,Female,+919937729275,Brinjal,Vegetable,142.24,2,284.48
CUST0779,Meera Sharma,20,Male,+917675447320,Potato,Vegetable,27.8,1,27.8
CUST0780,Sunita Patil,45,Male,+918204673786,Guava,Fruit,58.31,1,58.31
CUST0781,Sneha Gowda,55,Female,+919480479236,Orange,Fruit,78.2,4,312.8
CUST0782,Sunita Gowda,51,Female,+917040740032,Cabbage,Vegetable,27.21,1,27.21
CUST0783,Suresh Verma,68,Male,+918576637202,Banana,Fruit,24.11,3,72.33
CUST0784,Raj Patil,70,Female,+919452003752,Onion,Vegetable,116.94,1,116.94
CUST0785,Suresh Mishra,69,Female,+919585242310,Potato,Vegetable,40.59,4,162.36
CUST0786,Meera Reddy,30,Male,+917927834273,Mango,Fruit,105.75,4,423.0
CUST0787,Raj Sharma,35,Male,+917670627650,Banana,Fruit,71.19,2,142.38
CUST0788,Suresh Joshi,32,Male,+917096793822,Watermelon,Fruit,21.52,1,21.52
CUST0789,Suresh Reddy,43,Male,+919190112096,Onion,Vegetable,54.67,3,164.01
CUST0790,Neha Verma,49,Female,+919615584066,Tomato,Vegetable,34.33,1,34.33
CUST0791,Ravi Sharma,54,Male,+919106240039,Cauliflower,Vegetable,87.15,2,174.3
CUST0792,Deepa Desai,38,Female,+919861204567,Brinjal,Vegetable,139.06,1,139.06
CUST0793,Arjun Iyer,21,Male,+919253208538,Pumpkin,Vegetable,138.44,2,276.88
CUST0794,Sunita Gowda,45,Male,+918869683866,Banana,Fruit,30.16,2,60.32
CUST0795,Anil Gowda,51,Female,+918431064337,Capsicum,Vegetable,29.3,4,117.2
CUST0796,Sneha Verma,46,Female,+919503831814,Tomato,Vegetable,135.32,3,405.96
CUST0797,Kumar Sharma,47,Female,+919844191772,Banana,Fruit,87.55,1,87.55
CUST0798,Meera Sharma,56,Male,+919782833742,Cauliflower,Vegetable,141.44,1,141.44
CUST0799,Kiran Reddy,40,Male,+919357426953,Pineapple,Fruit,56.25,2,112.5
CUST0800,Deepa Gowda,67,Female,+918834255242,Brinjal,Vegetable,138.99,4,555.96
CUST0801,Vikram Desai,64,Female,+917138434765,Guava,Fruit,142.32,4,569.28
CUST0802,Suresh Mishra,41,Female,+919366279770,Brinjal,Vegetable,63.85,3,191.55
CUST0803,Anil Naidu,48,Female,+918879113675,Pomegranate,Fruit,130.55,2,261.1
CUST0804,Suresh Patil,35,Female,+917476269282,Pumpkin,Vegetable,67.75,2,135.5
CUST0805,Suresh Joshi,48,Female,+917742406536,Watermelon,Fruit,117.33,4,469.32
CUST0806,Priya Joshi,67,Male,+918328375651,Spinach,Vegetable,52.64,5,263.2
CUST0807,Sneha Reddy,66,Male,+919438404787,Banana,Fruit,49.89,4,199.56
CUST0808,Amit Joshi,29,Female,+917578508546,Brinjal,Vegetable,127.79,4,511.16
CUST0809,Arjun Iyer,50,Female,+919917090157,Watermelon,Fruit,34.7,4,138.8
CUST0810,Sneha Sharma,43,Female,+919405833220,Papaya,Fruit,96.76,5,483.8
CUST0811,Kumar Iyer,22,Male,+918953287081,Mango,Fruit,104.01,4,416.04
CUST0812,Sunita Joshi,22,Female,+919287365890,Banana,Fruit,87.16,4,348.64
CUST0813,Deepa Verma,57,Male,+919892935959,Brinjal,Vegetable,101.13,1,101.13
CUST0814,Neha Mishra,18,Male,+919018534069,Potato,Vegetable,36.74,1,36.74
CUST0815,Meera Desai,40,Female,+917378663959,Pomegranate,Fruit,23.54,5,117.7
CUST0816,Raj Verma,62,Male,+919869139944,Brinjal,Vegetable,104.9,2,209.8
CUST0817,Ravi Joshi,38,Male,+917376262107,Tomato,Vegetable,30.42,3,91.26
CUST0818,Kiran Mishra,49,Female,+918217435062,Brinjal,Vegetable,32.8,4,131.2
CUST0819,Amit Iyer,51,Male,+917805930919,Orange,Fruit,114.0,3,342.0
CUST0820,Vikram Sharma,51,Male,+918095647839,Pumpkin,Vegetable,54.78,2,109.56
CUST0821,Amit Iyer,69,Male,+917430495290,Capsicum,Vegetable,141.44,2,282.88
CUST0822,Amit Reddy,67,Female,+919652574506,Guava,Fruit,23.89,2,47.78
CUST0823,Meera Sharma,54,Male,+919104897948,Pomegranate,Fruit,52.41,3,157.23
CUST0824,Raj Naidu,37,Female,+917134009746,Potato,Vegetable,136.73,1,136.73
CUST0825,Ravi Iyer,47,Male,+917555269814,Papaya,Fruit,107.83,3,323.49
CUST0826,Ravi Reddy,38,Male,+919481762808,Onion,Vegetable,102.15,2,204.3
CUST0827,Kumar Joshi,37,Male,+918255982200,Cabbage,Vegetable,147.47,4,589.88
CUST0828,Raj Mishra,24,Male,+917636741939,Tomato,Vegetable,93.41,2,186.82
CUST0829,Sunita Iyer,44,Female,+919919334935,Orange,Fruit,86.62,2,173.24
CUST0830,Vikram Desai,18,Female,+917839669444,Cabbage,Vegetable,148.94,3,446.82
CUST0831,Sneha Gowda,65,Male,+917381573360,Mango,Fruit,72.22,1,72.22
CUST0832,Kiran Reddy,52,Male,+918735609473,Onion,Vegetable,35.87,4,143.48
CUST0833,Sunita Sharma,61,Male,+918244896329,Cauliflower,Vegetable,24.68,5,123.4
CUST0834,Kumar Iyer,51,Female,+918584106636,Mango,Fruit,130.81,1,130.81
CUST0835,Sunita Verma,56,Male,+917882943783,Guava,Fruit,88.61,1,88.61
CUST0836,Ravi Joshi,26,Female,+917269616739,Potato,Vegetable,82.52,2,165.04
CUST0837,Sneha Desai,52,Male,+917282858112,Grapes,Fruit,107.34,3,322.02
CUST0838,Suresh Joshi,65,Male,+919711979982,Capsicum,Vegetable,24.82,3,74.46
CUST0839,Sunita Mishra,55,Male,+918565877806,Brinjal,Vegetable,124.54,3,373.62
CUST0840,Raj Mishra,54,Male,+917614947961,Mango,Fruit,43.08,2,86.16
CUST0841,Vikram Mishra,63,Female,+918316431588,Spinach,Vegetable,126.43,3,379.29
CUST0842,Sunita Mishra,57,Male,+917870145119,Papaya,Fruit,103.1,5,515.5
CUST0843,Anil Patil,20,Male,+917373582976,Carrot,Vegetable,72.08,5,360.4
CUST0844,Sneha Joshi,24,Male,+917022743875,Capsicum,Vegetable,81.95,1,81.95
CUST0845,Anil Gowda,26,Male,+918449193588,Pumpkin,Vegetable,67.86,5,339.3
CUST0846,Kiran Naidu,62,Male,+917178758973,Papaya,Fruit,92.52,1,92.52
CUST0847,Sunita Reddy,70,Female,+918765906782,Guava,Fruit,109.8,2,219.6
CUST0848,Meera Mishra,19,Female,+919594729307,Mango,Fruit,100.65,4,402.6
CUST0849,Vikram Patil,55,Male,+919670026754,Pumpkin,Vegetable,32.21,5,161.05
CUST0850,Anil Verma,38,Female,+917001712060,Cabbage,Vegetable,60.57,2,121.14
CUST0851,Sneha Gowda,25,Male,+918133054167,Grapes,Fruit,80.43,5,402.15
CUST0852,Kiran Mishra,48,Male,+919766513531,Pumpkin,Vegetable,115.36,2,230.72
CUST0853,Suresh Patil,47,Female,+919263844438,Orange,Fruit,121.81,4,487.24
CUST0854,Sunita Naidu,67,Male,+919331493196,Pomegranate,Fruit,71.78,3,215.34
CUST0855,Meera Reddy,21,Female,+917500902325,Capsicum,Vegetable,48.92,5,244.6
CUST0856,Arjun Sharma,68,Male,+919970512827,Guava,Fruit,107.99,5,539.95
CUST0857,Deepa Mishra,64,Male,+919336771190,Cabbage,Vegetable,91.72,5,458.6
CUST0858,Vikram Gowda,60,Male,+917458521420,Cabbage,Vegetable,66.2,2,132.4
CUST0859,Anil Joshi,56,Female,+917396214351,Carrot,Vegetable,132.38,1,132.38
CUST0860,Sneha Patil,22,Female,+919881282439,Mango,Fruit,92.06,2,184.12
CUST0861,Sunita Mishra,34,Male,+918437307893,Cauliflower,Vegetable,75.67,2,151.34
CUST0862,Deepa Patil,42,Male,+917538998767,Mango,Fruit,107.96,5,539.8
CUST0863,Meera Sharma,67,Female,+918342201471,Brinjal,Vegetable,128.33,2,256.66
CUST0864,Raj Reddy,68,Female,+919319858110,Tomato,Vegetable,141.52,3,424.56
CUST0865,Priya Desai,55,Female,+919642059064,Carrot,Vegetable,63.29,1,63.29
CUST0866,Sneha Sharma,61,Female,+918589824965,Potato,Vegetable,104.64,5,523.2
CUST0867,Sneha Joshi,48,Male,+919000256555,Pineapple,Fruit,131.13,1,131.13
CUST0868,Amit Desai,18,Male,+919409963378,Pumpkin,Vegetable,110.24,5,551.2
CUST0869,Deepa Gowda,67,Male,+918350675464,Brinjal,Vegetable,88.7,1,88.7
CUST0870,Deepa Mishra,66,Female,+917971905174,Guava,Fruit,105.55,4,422.2
CUST0871,Raj Joshi,54,Male,+918630194812,Watermelon,Fruit,52.74,1,52.74
CUST0872,Neha Patil,21,Male,+918649287208,Brinjal,Vegetable,97.04,5,485.2
CUST0873,Neha Joshi,23,Male,+917123604078,Grapes,Fruit,23.83,1,23.83
CUST0874,Vikram Naidu,33,Male,+918596122348,Watermelon,Fruit,124.17,2,248.34
CUST0875,Amit Sharma,60,Female,+918223929515,Apple,Fruit,111.64,1,111.64
CUST0876,Kumar Desai,58,Female,+919016449251,Tomato,Vegetable,128.32,1,128.32
CUST0877,Kumar Sharma,34,Female,+917640161347,Carrot,Vegetable,89.36,2,178.72
CUST0878,Priya Sharma,66,Female,+919690507306,Mango,Fruit,101.13,1,101.13
CUST0879,Suresh Desai,69,Female,+917342687185,Apple,Fruit,91.31,3,273.93
CUST0880,Anil Mishra,36,Male,+917509296935,Guava,Fruit,132.13,3,396.39
CUST0881,Raj Sharma,68,Female,+917169873470,Capsicum,Vegetable,69.58,2,139.16
CUST0882,Kiran Gowda,56,Female,+919076347952,Onion,Vegetable,52.04,1,52.04
CUST0883,Arjun Reddy,37,Female,+919375181268,Spinach,Vegetable,28.6,5,143.0
CUST0884,Meera Sharma,33,Female,+917154083158,Spinach,Vegetable,82.96,4,331.84
CUST0885,Sunita Sharma,69,Female,+917761382281,Carrot,Vegetable,33.49,1,33.49
CUST0886,Deepa Desai,18,Male,+918019509374,Papaya,Fruit,131.57,3,394.71
CUST0887,Suresh Verma,30,Female,+917980262333,Banana,Fruit,100.99,3,302.97
CUST0888,Ravi Reddy,30,Female,+919529253192,Watermelon,Fruit,108.31,4,433.24
CUST0889,Deepa Verma,52,Male,+917734846720,Onion,Vegetable,32.81,4,131.24
CUST0890,Neha Iyer,53,Female,+918703220269,Papaya,Fruit,88.82,3,266.46
CUST0891,Sunita Joshi,58,Female,+917516063248,Carrot,Vegetable,44.28,4,177.12
CUST0892,Vikram Mishra,51,Male,+918466409647,Pineapple,Fruit,100.91,2,201.82
CUST0893,Kiran Gowda,63,Female,+918894558085,Orange,Fruit,30.3,2,60.6
CUST0894,Arjun Sharma,38,Female,+919544032740,Grapes,Fruit,96.73,1,96.73
CUST0895,Suresh Desai,34,Female,+917507699876,Mango,Fruit,28.45,2,56.9
CUST0896,Suresh Iyer,25,Female,+917615033157,Capsicum,Vegetable,94.57,2,189.14
CUST0897,Suresh Naidu,52,Female,+918138742498,Cauliflower,Vegetable,115.43,3,346.29
CUST0898,Vikram Naidu,18,Male,+919038011708,Tomato,Vegetable,120.66,5,603.3
CUST0899,Deepa Reddy,35,Male,+917347073673,Onion,Vegetable,52.1,2,104.2
CUST0900,Anil Verma,40,Female,+918017486869,Capsicum,Vegetable,113.27,3,339.81
CUST0901,Neha Iyer,48,Male,+919353511246,Watermelon,Fruit,96.73,4,386.92
CUST0902,Suresh Iyer,27,Male,+918598754405,Banana,Fruit,81.91,1,81.91
CUST0903,Neha Desai,44,Male,+917446177205,Brinjal,Vegetable,138.78,2,277.56
CUST0904,Meera Desai,19,Male,+919792866862,Carrot,Vegetable,89.44,2,178.88
CUST0905,Amit Verma,38,Female,+919918038796,Grapes,Fruit,102.55,1,102.55
CUST0906,Deepa Gowda,46,Male,+917384115088,Capsicum,Vegetable,22.63,3,67.89
CUST0907,Amit Gowda,53,Male,+918499186228,Tomato,Vegetable,65.2,4,260.8
CUST0908,Anil Mishra,21,Female,+918602265279,Cauliflower,Vegetable,27.46,2,54.92
CUST0909,Arjun Gowda,38,Female,+917280732950,Apple,Fruit,138.94,1,138.94
CUST0910,Raj Sharma,22,Male,+919177643283,Brinjal,Vegetable,24.5,3,73.5
CUST0911,Amit Joshi,42,Female,+918982094567,Brinjal,Vegetable,111.15,3,333.45
CUST0912,Ravi Sharma,22,Male,+918854091857,Cabbage,Vegetable,47.76,2,95.52
CUST0913,Suresh Mishra,36,Male,+919281784462,Banana,Fruit,145.95,5,729.75
CUST0914,Vikram Sharma,66,Male,+918082180197,Grapes,Fruit,69.8,4,279.2
CUST0915,Priya Sharma,58,Female,+918965880186,Apple,Fruit,38.14,5,190.7
CUST0916,Sneha Mishra,44,Female,+918934029459,Capsicum,Vegetable,113.63,4,454.52
CUST0917,Sunita Naidu,21,Female,+918610637075,Capsicum,Vegetable,47.27,5,236.35
CUST0918,Arjun Patil,60,Female,+917743482412,Cabbage,Vegetable,89.59,5,447.95
CUST0919,Ravi Desai,32,Female,+918925819812,Grapes,Fruit,61.18,4,244.72
CUST0920,Sneha Iyer,24,Male,+918423273966,Apple,Fruit,53.91,2,107.82
CUST0921,Kumar Verma,27,Female,+917520614184,Cabbage,Vegetable,57.34,5,286.7
CUST0922,Neha Reddy,35,Female,+918092463453,Carrot,Vegetable,77.77,3,233.31
CUST0923,Raj Desai,56,Male,+919808933249,Tomato,Vegetable,122.01,4,488.04
CUST0924,Meera Joshi,26,Male,+919421601596,Watermelon,Fruit,92.76,2,185.52
CUST0925,Kiran Naidu,60,Male,+917213490558,Pumpkin,Vegetable,38.94,3,116.82
CUST0926,Ravi Patil,35,Male,+917040912860,Banana,Fruit,114.55,1,114.55
CUST0927,Arjun Desai,32,Male,+919864770110,Spinach,Vegetable,125.83,1,125.83
CUST0928,Deepa Reddy,60,Female,+919532986630,Papaya,Fruit,129.8,5,649.0
CUST0929,Amit Naidu,27,Male,+918123169850,Watermelon,Fruit,105.29,5,526.45
CUST0930,Anil Iyer,47,Female,+918153641701,Mango,Fruit,73.88,5,369.4
CUST0931,Priya Naidu,64,Male,+918665515817,Carrot,Vegetable,60.85,5,304.25
CUST0932,Sneha Sharma,25,Male,+917731045170,Apple,Fruit,106.65,1,106.65
CUST0933,Anil Iyer,23,Female,+919605286233,Pumpkin,Vegetable,53.7,2,107.4
CUST0934,Priya Naidu,39,Female,+919525656786,Guava,Fruit,81.64,2,163.28
CUST0935,Deepa Iyer,42,Female,+919266369898,Grapes,Fruit,142.55,1,142.55
CUST0936,Raj Naidu,40,Female,+917658921841,Brinjal,Vegetable,48.61,1,48.61
CUST0937,Neha Sharma,40,Male,+918122172039,Papaya,Fruit,144.57,1,144.57
CUST0938,Kiran Naidu,41,Male,+918335665185,Orange,Fruit,54.94,3,164.82
CUST0939,Neha Patil,26,Female,+918186508631,Grapes,Fruit,92.56,3,277.68
CUST0940,Anil Reddy,43,Female,+918845559618,Cauliflower,Vegetable,119.55,4,478.2
CUST0941,Neha Sharma,18,Male,+918249287262,Cauliflower,Vegetable,145.46,5,727.3
CUST0942,Sneha Sharma,55,Male,+918770725363,Brinjal,Vegetable,62.13,2,124.26
CUST0943,Sneha Sharma,63,Female,+917278602921,Potato,Vegetable,54.42,4,217.68
CUST0944,Arjun Verma,66,Male,+919858980458,Pineapple,Fruit,25.87,1,25.87
CUST0945,Deepa Reddy,67,Male,+917212631021,Apple,Fruit,78.22,1,78.22
CUST0946,Kumar Sharma,19,Male,+918409684563,Watermelon,Fruit,103.84,1,103.84
CUST0947,Meera Mishra,47,Male,+917174496118,Grapes,Fruit,57.53,5,287.65
CUST0948,Suresh Patil,50,Male,+917649095165,Pumpkin,Vegetable,138.1,4,552.4
CUST0949,Ravi Verma,64,Male,+919676087571,Watermelon,Fruit,54.75,5,273.75
CUST0950,Sunita Joshi,43,Male,+919921699776,Banana,Fruit,41.75,3,125.25
CUST0951,Ravi Gowda,55,Male,+918666735542,Orange,Fruit,147.88,4,591.52
CUST0952,Priya Reddy,41,Female,+918827714885,Guava,Fruit,107.63,5,538.15
CUST0953,Neha Joshi,53,Male,+919112985610,Brinjal,Vegetable,93.9,3,281.7
CUST0954,Anil Desai,51,Male,+917659397738,Mango,Fruit,68.2,3,204.6
CUST0955,Sunita Gowda,67,Male,+917544411563,Spinach,Vegetable,144.09,4,576.36
CUST0956,Kiran Sharma,43,Male,+919505567657,Mango,Fruit,28.46,1,28.46
CUST0957,Sunita Sharma,32,Female,+917832419493,Pumpkin,Vegetable,102.44,3,307.32
CUST0958,Sneha Sharma,39,Female,+919460556060,Cabbage,Vegetable,25.74,4,102.96
CUST0959,Anil Mishra,23,Female,+918976478062,Watermelon,Fruit,79.32,2,158.64
CUST0960,Neha Gowda,65,Female,+919200791074,Watermelon,Fruit,36.35,3,109.05
CUST0961,Ravi Reddy,66,Male,+918591655572,Cabbage,Vegetable,116.06,2,232.12
CUST0962,Anil Naidu,32,Female,+919248232952,Banana,Fruit,35.66,3,106.98
CUST0963,Deepa Verma,22,Male,+918913387349,Mango,Fruit,94.13,2,188.26
CUST0964,Kumar Joshi,37,Female,+918432647107,Pineapple,Fruit,40.75,5,203.75
CUST0965,Ravi Gowda,46,Female,+919344839701,Apple,Fruit,86.55,3,259.65
CUST0966,Sneha Sharma,25,Male,+919508386705,Orange,Fruit,32.21,5,161.05
CUST0967,Ravi Sharma,28,Male,+918440616851,Onion,Vegetable,68.73,4,274.92
CUST0968,Arjun Desai,66,Female,+918421513225,Mango,Fruit,130.06,5,650.3
CUST0969,Sunita Sharma,54,Male,+919639086226,Potato,Vegetable,92.23,5,461.15
CUST0970,Vikram Naidu,54,Male,+919203712312,Mango,Fruit,119.75,2,239.5
CUST0971,Neha Desai,43,Female,+918379574605,Pineapple,Fruit,32.4,3,97.2
CUST0972,Vikram Mishra,55,Male,+918311039095,Guava,Fruit,70.52,4,282.08
CUST0973,Anil Gowda,38,Male,+919727348631,Cabbage,Vegetable,69.63,5,348.15
CUST0974,Suresh Gowda,39,Male,+918603051085,Carrot,Vegetable,115.2,5,576.0
CUST0975,Arjun Gowda,52,Male,+917670036653,Pomegranate,Fruit,72.41,1,72.41
CUST0976,Ravi Desai,27,Male,+918264635663,Watermelon,Fruit,82.38,2,164.76
CUST0977,Anil Naidu,59,Male,+918939081965,Orange,Fruit,46.19,5,230.95
CUST0978,Sunita Desai,70,Male,+919894525830,Capsicum,Vegetable,78.91,1,78.91
CUST0979,Arjun Sharma,23,Male,+918615375020,Apple,Fruit,76.18,1,76.18
CUST0980,Priya Sharma,47,Male,+917137851931,Pumpkin,Vegetable,58.85,5,294.25
CUST0981,Kiran Verma,53,Male,+917352290635,Capsicum,Vegetable,22.14,3,66.42
CUST0982,Raj Naidu,30,Male,+919351499756,Guava,Fruit,23.43,3,70.29
CUST0983,Raj Mishra,50,Male,+918457430526,Capsicum,Vegetable,38.43,4,153.72
CUST0984,Ravi Reddy,68,Male,+917851037523,Spinach,Vegetable,41.76,4,167.04
CUST0985,Sneha Verma,63,Male,+918633594522,Guava,Fruit,37.58,3,112.74
CUST0986,Kiran Sharma,29,Female,+918247471899,Cabbage,Vegetable,90.85,2,181.7
CUST0987,Meera Sharma,43,Male,+918820019572,Guava,Fruit,99.45,1,99.45
CUST0988,Deepa Joshi,28,Female,+918094471678,Tomato,Vegetable,32.75,2,65.5
CUST0989,Raj Naidu,45,Male,+919524450547,Tomato,Vegetable,32.98,2,65.96
CUST0990,Kiran Patil,30,Male,+918650300354,Pomegranate,Fruit,35.74,5,178.7
CUST0991,Raj Desai,25,Female,+919643876634,Apple,Fruit,86.77,3,260.31
CUST0992,Amit Reddy,57,Male,+918257419725,Watermelon,Fruit,141.21,3,423.63
CUST0993,Deepa Naidu,43,Male,+918648500149,Grapes,Fruit,110.52,2,221.04
CUST0994,Sneha Iyer,31,Female,+919217884086,Potato,Vegetable,82.07,2,164.14
CUST0995,Suresh Reddy,28,Male,+917324089923,Capsicum,Vegetable,34.68,3,104.04
CUST0996,Anil Naidu,53,Male,+918342672893,Papaya,Fruit,79.06,4,316.24
CUST0997,Meera Mishra,57,Male,+917021635338,Pumpkin,Vegetable,103.34,2,206.68
CUST0998,Deepa Iyer,28,Male,+917775389147,Papaya,Fruit,149.34,1,149.34
CUST0999,Sneha Verma,43,Female,+917308237349,Grapes,Fruit,127.99,5,639.95
CUST1000,Priya Patil,23,Female,+919986702387,Carrot,Vegetable,133.09,2,266.18
